	at org.gradle.workers.internal.NoIsolationWorkerFactory$1$1.create(NoIsolationWorkerFactory.java:62)
	at org.gradle.internal.classloader.ClassLoaderUtils.executeInClassloader(ClassLoaderUtils.java:100)
	at org.gradle.workers.internal.NoIsolationWorkerFactory$1.lambda$execute$0(NoIsolationWorkerFactory.java:62)
	at org.gradle.workers.internal.AbstractWorker$1.call(AbstractWorker.java:44)
	at org.gradle.workers.internal.AbstractWorker$1.call(AbstractWorker.java:41)
	at org.gradle.internal.operations.DefaultBuildOperationRunner$CallableBuildOperationWorker.execute(DefaultBuildOperationRunner.java:209)
	at org.gradle.internal.operations.DefaultBuildOperationRunner$CallableBuildOperationWorker.execute(DefaultBuildOperationRunner.java:204)
	at org.gradle.internal.operations.DefaultBuildOperationRunner$2.execute(DefaultBuildOperationRunner.java:66)
	at org.gradle.internal.operations.DefaultBuildOperationRunner$2.execute(DefaultBuildOperationRunner.java:59)
	at org.gradle.internal.operations.DefaultBuildOperationRunner.execute(DefaultBuildOperationRunner.java:166)
	at org.gradle.internal.operations.DefaultBuildOperationRunner.execute(DefaultBuildOperationRunner.java:59)
	at org.gradle.internal.operations.DefaultBuildOperationRunner.call(DefaultBuildOperationRunner.java:53)
	at org.gradle.workers.internal.AbstractWorker.executeWrappedInBuildOperation(AbstractWorker.java:41)
	at org.gradle.workers.internal.NoIsolationWorkerFactory$1.execute(NoIsolationWorkerFactory.java:59)
	at org.gradle.workers.internal.DefaultWorkerExecutor.lambda$submitWork$0(DefaultWorkerExecutor.java:174)
	at java.base/java.util.concurrent.FutureTask.run(FutureTask.java:317)
	at org.gradle.internal.work.DefaultConditionalExecutionQueue$ExecutionRunner.runExecution(DefaultConditionalExecutionQueue.java:194)
	at org.gradle.internal.work.DefaultConditionalExecutionQueue$ExecutionRunner.access$700(DefaultConditionalExecutionQueue.java:127)
	at org.gradle.internal.work.DefaultConditionalExecutionQueue$ExecutionRunner$1.run(DefaultConditionalExecutionQueue.java:169)
	at org.gradle.internal.Factories$1.create(Factories.java:31)
	at org.gradle.internal.work.DefaultWorkerLeaseService.withLocks(DefaultWorkerLeaseService.java:263)
	at org.gradle.internal.work.DefaultWorkerLeaseService.runAsWorkerThread(DefaultWorkerLeaseService.java:127)
	at org.gradle.internal.work.DefaultWorkerLeaseService.runAsWorkerThread(DefaultWorkerLeaseService.java:132)
	at org.gradle.internal.work.DefaultConditionalExecutionQueue$ExecutionRunner.runBatch(DefaultConditionalExecutionQueue.java:164)
	at org.gradle.internal.work.DefaultConditionalExecutionQueue$ExecutionRunner.run(DefaultConditionalExecutionQueue.java:133)
	at java.base/java.util.concurrent.Executors$RunnableAdapter.call(Executors.java:572)
	at java.base/java.util.concurrent.FutureTask.run(FutureTask.java:317)
	at org.gradle.internal.concurrent.ExecutorPolicy$CatchAndRecordFailures.onExecute(ExecutorPolicy.java:64)
	at org.gradle.internal.concurrent.AbstractManagedExecutor$1.run(AbstractManagedExecutor.java:48)
	at java.base/java.util.concurrent.ThreadPoolExecutor.runWorker(ThreadPoolExecutor.java:1144)
	at java.base/java.util.concurrent.ThreadPoolExecutor$Worker.run(ThreadPoolExecutor.java:642)
	at java.base/java.lang.Thread.run(Thread.java:1583)

WARNING: D8: An error occurred when parsing kotlin metadata. This normally happens when using a newer version of kotlin than the kotlin version released when this version of R8 was created. To find compatible kotlin versions, please see: https://developer.android.com/studio/build/kotlin-d8-r8-versions
WARNING: D8: Unexpected error during rewriting of Kotlin metadata for class 'com.sevtinge.hyperceiler.module.hook.systemui.controlcenter.CCGridOld$mCCTileCornerHook$2':
com.android.tools.r8.internal.nu0: Should never be called
	at com.android.tools.r8.kotlin.a0.a(R8_8.8.18_9b4b11a8a876a48ac24063637e04d2dfb3a8d86172b84ba7a90f97001fecb008:2)
	at com.android.tools.r8.kotlin.Z.a(R8_8.8.18_9b4b11a8a876a48ac24063637e04d2dfb3a8d86172b84ba7a90f97001fecb008:185)
	at com.android.tools.r8.kotlin.Z.a(R8_8.8.18_9b4b11a8a876a48ac24063637e04d2dfb3a8d86172b84ba7a90f97001fecb008:184)
	at com.android.tools.r8.internal.nq0.a(R8_8.8.18_9b4b11a8a876a48ac24063637e04d2dfb3a8d86172b84ba7a90f97001fecb008:23)
	at com.android.tools.r8.internal.nq0.a(R8_8.8.18_9b4b11a8a876a48ac24063637e04d2dfb3a8d86172b84ba7a90f97001fecb008:34)
	at com.android.tools.r8.internal.nq0.a(R8_8.8.18_9b4b11a8a876a48ac24063637e04d2dfb3a8d86172b84ba7a90f97001fecb008:17)
	at com.google.common.util.concurrent.TrustedListenableFutureTask$TrustedFutureInterruptibleTask.runInterruptibly(TrustedListenableFutureTask.java:131)
	at com.google.common.util.concurrent.InterruptibleTask.run(InterruptibleTask.java:75)
	at com.google.common.util.concurrent.TrustedListenableFutureTask.run(TrustedListenableFutureTask.java:82)
	at com.google.common.util.concurrent.MoreExecutors$DirectExecutorService.execute(MoreExecutors.java:327)
	at java.base/java.util.concurrent.AbstractExecutorService.submit(AbstractExecutorService.java:145)
	at com.google.common.util.concurrent.AbstractListeningExecutorService.submit(AbstractListeningExecutorService.java:79)
	at com.google.common.util.concurrent.AbstractListeningExecutorService.submit(AbstractListeningExecutorService.java:37)
	at com.android.tools.r8.internal.oq0.submit(R8_8.8.18_9b4b11a8a876a48ac24063637e04d2dfb3a8d86172b84ba7a90f97001fecb008:1)
	at com.android.tools.r8.internal.aq0.a(R8_8.8.18_9b4b11a8a876a48ac24063637e04d2dfb3a8d86172b84ba7a90f97001fecb008:1)
	at com.android.tools.r8.internal.nq0.a(R8_8.8.18_9b4b11a8a876a48ac24063637e04d2dfb3a8d86172b84ba7a90f97001fecb008:19)
	at com.android.tools.r8.internal.sx.a(R8_8.8.18_9b4b11a8a876a48ac24063637e04d2dfb3a8d86172b84ba7a90f97001fecb008:3)
	at java.base/java.util.ArrayList.forEach(ArrayList.java:1596)
	at com.android.tools.r8.internal.sx.a(R8_8.8.18_9b4b11a8a876a48ac24063637e04d2dfb3a8d86172b84ba7a90f97001fecb008:2)
	at com.android.tools.r8.internal.nq0.a(R8_8.8.18_9b4b11a8a876a48ac24063637e04d2dfb3a8d86172b84ba7a90f97001fecb008:10)
	at com.android.tools.r8.internal.nq0.a(R8_8.8.18_9b4b11a8a876a48ac24063637e04d2dfb3a8d86172b84ba7a90f97001fecb008:33)
	at com.android.tools.r8.internal.nq0.a(R8_8.8.18_9b4b11a8a876a48ac24063637e04d2dfb3a8d86172b84ba7a90f97001fecb008:25)
	at com.android.tools.r8.internal.nq0.a(R8_8.8.18_9b4b11a8a876a48ac24063637e04d2dfb3a8d86172b84ba7a90f97001fecb008:22)
	at com.android.tools.r8.K.a(R8_8.8.18_9b4b11a8a876a48ac24063637e04d2dfb3a8d86172b84ba7a90f97001fecb008:3)
	at com.android.tools.r8.kotlin.Z.a(R8_8.8.18_9b4b11a8a876a48ac24063637e04d2dfb3a8d86172b84ba7a90f97001fecb008:9)
	at com.android.tools.r8.D8.b(R8_8.8.18_9b4b11a8a876a48ac24063637e04d2dfb3a8d86172b84ba7a90f97001fecb008:17)
	at com.android.tools.r8.internal.Qq0.a(R8_8.8.18_9b4b11a8a876a48ac24063637e04d2dfb3a8d86172b84ba7a90f97001fecb008:57)
	at com.android.tools.r8.D8.a(R8_8.8.18_9b4b11a8a876a48ac24063637e04d2dfb3a8d86172b84ba7a90f97001fecb008:88)
	at com.android.tools.r8.D8.d(R8_8.8.18_9b4b11a8a876a48ac24063637e04d2dfb3a8d86172b84ba7a90f97001fecb008:137)
	at com.android.tools.r8.D8.b(R8_8.8.18_9b4b11a8a876a48ac24063637e04d2dfb3a8d86172b84ba7a90f97001fecb008:1)
	at com.android.tools.r8.internal.Fu.a(R8_8.8.18_9b4b11a8a876a48ac24063637e04d2dfb3a8d86172b84ba7a90f97001fecb008:28)
	at com.android.tools.r8.internal.Fu.b(R8_8.8.18_9b4b11a8a876a48ac24063637e04d2dfb3a8d86172b84ba7a90f97001fecb008:2)
	at com.android.tools.r8.D8.run(R8_8.8.18_9b4b11a8a876a48ac24063637e04d2dfb3a8d86172b84ba7a90f97001fecb008:11)
	at com.android.builder.dexing.D8DexArchiveBuilder.convert(D8DexArchiveBuilder.java:127)
	at com.android.build.gradle.internal.dexing.DexWorkActionKt.process(DexWorkAction.kt:178)
	at com.android.build.gradle.internal.dexing.DexWorkActionKt.processNonIncrementally(DexWorkAction.kt:146)
	at com.android.build.gradle.internal.dexing.DexWorkActionKt.launchProcessing(DexWorkAction.kt:73)
	at com.android.build.gradle.internal.dexing.DexWorkAction.run(DexWorkAction.kt:45)
	at com.android.build.gradle.internal.profile.ProfileAwareWorkAction.execute(ProfileAwareWorkAction.kt:74)
	at org.gradle.workers.internal.DefaultWorkerServer.execute(DefaultWorkerServer.java:63)
	at org.gradle.workers.internal.NoIsolationWorkerFactory$1$1.create(NoIsolationWorkerFactory.java:66)
	at org.gradle.workers.internal.NoIsolationWorkerFactory$1$1.create(NoIsolationWorkerFactory.java:62)
	at org.gradle.internal.classloader.ClassLoaderUtils.executeInClassloader(ClassLoaderUtils.java:100)
	at org.gradle.workers.internal.NoIsolationWorkerFactory$1.lambda$execute$0(NoIsolationWorkerFactory.java:62)
	at org.gradle.workers.internal.AbstractWorker$1.call(AbstractWorker.java:44)
	at org.gradle.workers.internal.AbstractWorker$1.call(AbstractWorker.java:41)
	at org.gradle.internal.operations.DefaultBuildOperationRunner$CallableBuildOperationWorker.execute(DefaultBuildOperationRunner.java:209)
	at org.gradle.internal.operations.DefaultBuildOperationRunner$CallableBuildOperationWorker.execute(DefaultBuildOperationRunner.java:204)
	at org.gradle.internal.operations.DefaultBuildOperationRunner$2.execute(DefaultBuildOperationRunner.java:66)
	at org.gradle.internal.operations.DefaultBuildOperationRunner$2.execute(DefaultBuildOperationRunner.java:59)
	at org.gradle.internal.operations.DefaultBuildOperationRunner.execute(DefaultBuildOperationRunner.java:166)
	at org.gradle.internal.operations.DefaultBuildOperationRunner.execute(DefaultBuildOperationRunner.java:59)
	at org.gradle.internal.operations.DefaultBuildOperationRunner.call(DefaultBuildOperationRunner.java:53)
	at org.gradle.workers.internal.AbstractWorker.executeWrappedInBuildOperation(AbstractWorker.java:41)
	at org.gradle.workers.internal.NoIsolationWorkerFactory$1.execute(NoIsolationWorkerFactory.java:59)
	at org.gradle.workers.internal.DefaultWorkerExecutor.lambda$submitWork$0(DefaultWorkerExecutor.java:174)
	at java.base/java.util.concurrent.FutureTask.run(FutureTask.java:317)
	at org.gradle.internal.work.DefaultConditionalExecutionQueue$ExecutionRunner.runExecution(DefaultConditionalExecutionQueue.java:194)
	at org.gradle.internal.work.DefaultConditionalExecutionQueue$ExecutionRunner.access$700(DefaultConditionalExecutionQueue.java:127)
	at org.gradle.internal.work.DefaultConditionalExecutionQueue$ExecutionRunner$1.run(DefaultConditionalExecutionQueue.java:169)
	at org.gradle.internal.Factories$1.create(Factories.java:31)
	at org.gradle.internal.work.DefaultWorkerLeaseService.withLocks(DefaultWorkerLeaseService.java:263)
	at org.gradle.internal.work.DefaultWorkerLeaseService.runAsWorkerThread(DefaultWorkerLeaseService.java:127)
	at org.gradle.internal.work.DefaultWorkerLeaseService.runAsWorkerThread(DefaultWorkerLeaseService.java:132)
	at org.gradle.internal.work.DefaultConditionalExecutionQueue$ExecutionRunner.runBatch(DefaultConditionalExecutionQueue.java:164)
	at org.gradle.internal.work.DefaultConditionalExecutionQueue$ExecutionRunner.run(DefaultConditionalExecutionQueue.java:133)
	at java.base/java.util.concurrent.Executors$RunnableAdapter.call(Executors.java:572)
	at java.base/java.util.concurrent.FutureTask.run(FutureTask.java:317)
	at org.gradle.internal.concurrent.ExecutorPolicy$CatchAndRecordFailures.onExecute(ExecutorPolicy.java:64)
	at org.gradle.internal.concurrent.AbstractManagedExecutor$1.run(AbstractManagedExecutor.java:48)
	at java.base/java.util.concurrent.ThreadPoolExecutor.runWorker(ThreadPoolExecutor.java:1144)
	at java.base/java.util.concurrent.ThreadPoolExecutor$Worker.run(ThreadPoolExecutor.java:642)
	at java.base/java.lang.Thread.run(Thread.java:1583)

WARNING: D8: An error occurred when parsing kotlin metadata. This normally happens when using a newer version of kotlin than the kotlin version released when this version of R8 was created. To find compatible kotlin versions, please see: https://developer.android.com/studio/build/kotlin-d8-r8-versions
WARNING: D8: Unexpected error during rewriting of Kotlin metadata for class 'com.sevtinge.hyperceiler.module.hook.home.title.EnableIconMonetColor':
com.android.tools.r8.internal.nu0: Should never be called
	at com.android.tools.r8.kotlin.a0.a(R8_8.8.18_9b4b11a8a876a48ac24063637e04d2dfb3a8d86172b84ba7a90f97001fecb008:2)
	at com.android.tools.r8.kotlin.Z.a(R8_8.8.18_9b4b11a8a876a48ac24063637e04d2dfb3a8d86172b84ba7a90f97001fecb008:185)
	at com.android.tools.r8.kotlin.Z.a(R8_8.8.18_9b4b11a8a876a48ac24063637e04d2dfb3a8d86172b84ba7a90f97001fecb008:184)
	at com.android.tools.r8.internal.nq0.a(R8_8.8.18_9b4b11a8a876a48ac24063637e04d2dfb3a8d86172b84ba7a90f97001fecb008:23)
	at com.android.tools.r8.internal.nq0.a(R8_8.8.18_9b4b11a8a876a48ac24063637e04d2dfb3a8d86172b84ba7a90f97001fecb008:34)
	at com.android.tools.r8.internal.nq0.a(R8_8.8.18_9b4b11a8a876a48ac24063637e04d2dfb3a8d86172b84ba7a90f97001fecb008:17)
	at com.google.common.util.concurrent.TrustedListenableFutureTask$TrustedFutureInterruptibleTask.runInterruptibly(TrustedListenableFutureTask.java:131)
	at com.google.common.util.concurrent.InterruptibleTask.run(InterruptibleTask.java:75)
	at com.google.common.util.concurrent.TrustedListenableFutureTask.run(TrustedListenableFutureTask.java:82)
	at com.google.common.util.concurrent.MoreExecutors$DirectExecutorService.execute(MoreExecutors.java:327)
	at java.base/java.util.concurrent.AbstractExecutorService.submit(AbstractExecutorService.java:145)
	at com.google.common.util.concurrent.AbstractListeningExecutorService.submit(AbstractListeningExecutorService.java:79)
	at com.google.common.util.concurrent.AbstractListeningExecutorService.submit(AbstractListeningExecutorService.java:37)
	at com.android.tools.r8.internal.oq0.submit(R8_8.8.18_9b4b11a8a876a48ac24063637e04d2dfb3a8d86172b84ba7a90f97001fecb008:1)
	at com.android.tools.r8.internal.aq0.a(R8_8.8.18_9b4b11a8a876a48ac24063637e04d2dfb3a8d86172b84ba7a90f97001fecb008:1)
	at com.android.tools.r8.internal.nq0.a(R8_8.8.18_9b4b11a8a876a48ac24063637e04d2dfb3a8d86172b84ba7a90f97001fecb008:19)
	at com.android.tools.r8.internal.sx.a(R8_8.8.18_9b4b11a8a876a48ac24063637e04d2dfb3a8d86172b84ba7a90f97001fecb008:3)
	at java.base/java.util.ArrayList.forEach(ArrayList.java:1596)
	at com.android.tools.r8.internal.sx.a(R8_8.8.18_9b4b11a8a876a48ac24063637e04d2dfb3a8d86172b84ba7a90f97001fecb008:2)
	at com.android.tools.r8.internal.nq0.a(R8_8.8.18_9b4b11a8a876a48ac24063637e04d2dfb3a8d86172b84ba7a90f97001fecb008:10)
	at com.android.tools.r8.internal.nq0.a(R8_8.8.18_9b4b11a8a876a48ac24063637e04d2dfb3a8d86172b84ba7a90f97001fecb008:33)
	at com.android.tools.r8.internal.nq0.a(R8_8.8.18_9b4b11a8a876a48ac24063637e04d2dfb3a8d86172b84ba7a90f97001fecb008:25)
	at com.android.tools.r8.internal.nq0.a(R8_8.8.18_9b4b11a8a876a48ac24063637e04d2dfb3a8d86172b84ba7a90f97001fecb008:22)
	at com.android.tools.r8.K.a(R8_8.8.18_9b4b11a8a876a48ac24063637e04d2dfb3a8d86172b84ba7a90f97001fecb008:3)
	at com.android.tools.r8.kotlin.Z.a(R8_8.8.18_9b4b11a8a876a48ac24063637e04d2dfb3a8d86172b84ba7a90f97001fecb008:9)
	at com.android.tools.r8.D8.b(R8_8.8.18_9b4b11a8a876a48ac24063637e04d2dfb3a8d86172b84ba7a90f97001fecb008:17)
	at com.android.tools.r8.internal.Qq0.a(R8_8.8.18_9b4b11a8a876a48ac24063637e04d2dfb3a8d86172b84ba7a90f97001fecb008:57)
	at com.android.tools.r8.D8.a(R8_8.8.18_9b4b11a8a876a48ac24063637e04d2dfb3a8d86172b84ba7a90f97001fecb008:88)
	at com.android.tools.r8.D8.d(R8_8.8.18_9b4b11a8a876a48ac24063637e04d2dfb3a8d86172b84ba7a90f97001fecb008:137)
	at com.android.tools.r8.D8.b(R8_8.8.18_9b4b11a8a876a48ac24063637e04d2dfb3a8d86172b84ba7a90f97001fecb008:1)
	at com.android.tools.r8.internal.Fu.a(R8_8.8.18_9b4b11a8a876a48ac24063637e04d2dfb3a8d86172b84ba7a90f97001fecb008:28)
	at com.android.tools.r8.internal.Fu.b(R8_8.8.18_9b4b11a8a876a48ac24063637e04d2dfb3a8d86172b84ba7a90f97001fecb008:2)
	at com.android.tools.r8.D8.run(R8_8.8.18_9b4b11a8a876a48ac24063637e04d2dfb3a8d86172b84ba7a90f97001fecb008:11)
	at com.android.builder.dexing.D8DexArchiveBuilder.convert(D8DexArchiveBuilder.java:127)
	at com.android.build.gradle.internal.dexing.DexWorkActionKt.process(DexWorkAction.kt:178)
	at com.android.build.gradle.internal.dexing.DexWorkActionKt.processNonIncrementally(DexWorkAction.kt:146)
	at com.android.build.gradle.internal.dexing.DexWorkActionKt.launchProcessing(DexWorkAction.kt:73)
	at com.android.build.gradle.internal.dexing.DexWorkAction.run(DexWorkAction.kt:45)
	at com.android.build.gradle.internal.profile.ProfileAwareWorkAction.execute(ProfileAwareWorkAction.kt:74)
	at org.gradle.workers.internal.DefaultWorkerServer.execute(DefaultWorkerServer.java:63)
	at org.gradle.workers.internal.NoIsolationWorkerFactory$1$1.create(NoIsolationWorkerFactory.java:66)
	at org.gradle.workers.internal.NoIsolationWorkerFactory$1$1.create(NoIsolationWorkerFactory.java:62)
	at org.gradle.internal.classloader.ClassLoaderUtils.executeInClassloader(ClassLoaderUtils.java:100)
	at org.gradle.workers.internal.NoIsolationWorkerFactory$1.lambda$execute$0(NoIsolationWorkerFactory.java:62)
	at org.gradle.workers.internal.AbstractWorker$1.call(AbstractWorker.java:44)
	at org.gradle.workers.internal.AbstractWorker$1.call(AbstractWorker.java:41)
	at org.gradle.internal.operations.DefaultBuildOperationRunner$CallableBuildOperationWorker.execute(DefaultBuildOperationRunner.java:209)
	at org.gradle.internal.operations.DefaultBuildOperationRunner$CallableBuildOperationWorker.execute(DefaultBuildOperationRunner.java:204)
	at org.gradle.internal.operations.DefaultBuildOperationRunner$2.execute(DefaultBuildOperationRunner.java:66)
	at org.gradle.internal.operations.DefaultBuildOperationRunner$2.execute(DefaultBuildOperationRunner.java:59)
	at org.gradle.internal.operations.DefaultBuildOperationRunner.execute(DefaultBuildOperationRunner.java:166)
	at org.gradle.internal.operations.DefaultBuildOperationRunner.execute(DefaultBuildOperationRunner.java:59)
	at org.gradle.internal.operations.DefaultBuildOperationRunner.call(DefaultBuildOperationRunner.java:53)
	at org.gradle.workers.internal.AbstractWorker.executeWrappedInBuildOperation(AbstractWorker.java:41)
	at org.gradle.workers.internal.NoIsolationWorkerFactory$1.execute(NoIsolationWorkerFactory.java:59)
	at org.gradle.workers.internal.DefaultWorkerExecutor.lambda$submitWork$0(DefaultWorkerExecutor.java:174)
	at java.base/java.util.concurrent.FutureTask.run(FutureTask.java:317)
	at org.gradle.internal.work.DefaultConditionalExecutionQueue$ExecutionRunner.runExecution(DefaultConditionalExecutionQueue.java:194)
	at org.gradle.internal.work.DefaultConditionalExecutionQueue$ExecutionRunner.access$700(DefaultConditionalExecutionQueue.java:127)
	at org.gradle.internal.work.DefaultConditionalExecutionQueue$ExecutionRunner$1.run(DefaultConditionalExecutionQueue.java:169)
	at org.gradle.internal.Factories$1.create(Factories.java:31)
	at org.gradle.internal.work.DefaultWorkerLeaseService.withLocks(DefaultWorkerLeaseService.java:263)
	at org.gradle.internal.work.DefaultWorkerLeaseService.runAsWorkerThread(DefaultWorkerLeaseService.java:127)
	at org.gradle.internal.work.DefaultWorkerLeaseService.runAsWorkerThread(DefaultWorkerLeaseService.java:132)
	at org.gradle.internal.work.DefaultConditionalExecutionQueue$ExecutionRunner.runBatch(DefaultConditionalExecutionQueue.java:164)
	at org.gradle.internal.work.DefaultConditionalExecutionQueue$ExecutionRunner.run(DefaultConditionalExecutionQueue.java:133)
	at java.base/java.util.concurrent.Executors$RunnableAdapter.call(Executors.java:572)
	at java.base/java.util.concurrent.FutureTask.run(FutureTask.java:317)
	at org.gradle.internal.concurrent.ExecutorPolicy$CatchAndRecordFailures.onExecute(ExecutorPolicy.java:64)
	at org.gradle.internal.concurrent.AbstractManagedExecutor$1.run(AbstractManagedExecutor.java:48)
	at java.base/java.util.concurrent.ThreadPoolExecutor.runWorker(ThreadPoolExecutor.java:1144)
	at java.base/java.util.concurrent.ThreadPoolExecutor$Worker.run(ThreadPoolExecutor.java:642)
	at java.base/java.lang.Thread.run(Thread.java:1583)

WARNING: D8: An error occurred when parsing kotlin metadata. This normally happens when using a newer version of kotlin than the kotlin version released when this version of R8 was created. To find compatible kotlin versions, please see: https://developer.android.com/studio/build/kotlin-d8-r8-versions
WARNING: D8: Unexpected error during rewriting of Kotlin metadata for class 'com.sevtinge.hyperceiler.module.hook.systemframework.DisableCleaner$init$1':
com.android.tools.r8.internal.nu0: Should never be called
	at com.android.tools.r8.kotlin.a0.a(R8_8.8.18_9b4b11a8a876a48ac24063637e04d2dfb3a8d86172b84ba7a90f97001fecb008:2)
	at com.android.tools.r8.kotlin.Z.a(R8_8.8.18_9b4b11a8a876a48ac24063637e04d2dfb3a8d86172b84ba7a90f97001fecb008:185)
	at com.android.tools.r8.kotlin.Z.a(R8_8.8.18_9b4b11a8a876a48ac24063637e04d2dfb3a8d86172b84ba7a90f97001fecb008:184)
	at com.android.tools.r8.internal.nq0.a(R8_8.8.18_9b4b11a8a876a48ac24063637e04d2dfb3a8d86172b84ba7a90f97001fecb008:23)
	at com.android.tools.r8.internal.nq0.a(R8_8.8.18_9b4b11a8a876a48ac24063637e04d2dfb3a8d86172b84ba7a90f97001fecb008:34)
	at com.android.tools.r8.internal.nq0.a(R8_8.8.18_9b4b11a8a876a48ac24063637e04d2dfb3a8d86172b84ba7a90f97001fecb008:17)
	at com.google.common.util.concurrent.TrustedListenableFutureTask$TrustedFutureInterruptibleTask.runInterruptibly(TrustedListenableFutureTask.java:131)
	at com.google.common.util.concurrent.InterruptibleTask.run(InterruptibleTask.java:75)
	at com.google.common.util.concurrent.TrustedListenableFutureTask.run(TrustedListenableFutureTask.java:82)
	at com.google.common.util.concurrent.MoreExecutors$DirectExecutorService.execute(MoreExecutors.java:327)
	at java.base/java.util.concurrent.AbstractExecutorService.submit(AbstractExecutorService.java:145)
	at com.google.common.util.concurrent.AbstractListeningExecutorService.submit(AbstractListeningExecutorService.java:79)
	at com.google.common.util.concurrent.AbstractListeningExecutorService.submit(AbstractListeningExecutorService.java:37)
	at com.android.tools.r8.internal.oq0.submit(R8_8.8.18_9b4b11a8a876a48ac24063637e04d2dfb3a8d86172b84ba7a90f97001fecb008:1)
	at com.android.tools.r8.internal.aq0.a(R8_8.8.18_9b4b11a8a876a48ac24063637e04d2dfb3a8d86172b84ba7a90f97001fecb008:1)
	at com.android.tools.r8.internal.nq0.a(R8_8.8.18_9b4b11a8a876a48ac24063637e04d2dfb3a8d86172b84ba7a90f97001fecb008:19)
	at com.android.tools.r8.internal.sx.a(R8_8.8.18_9b4b11a8a876a48ac24063637e04d2dfb3a8d86172b84ba7a90f97001fecb008:3)
	at java.base/java.util.ArrayList.forEach(ArrayList.java:1596)
	at com.android.tools.r8.internal.sx.a(R8_8.8.18_9b4b11a8a876a48ac24063637e04d2dfb3a8d86172b84ba7a90f97001fecb008:2)
	at com.android.tools.r8.internal.nq0.a(R8_8.8.18_9b4b11a8a876a48ac24063637e04d2dfb3a8d86172b84ba7a90f97001fecb008:10)
	at com.android.tools.r8.internal.nq0.a(R8_8.8.18_9b4b11a8a876a48ac24063637e04d2dfb3a8d86172b84ba7a90f97001fecb008:33)
	at com.android.tools.r8.internal.nq0.a(R8_8.8.18_9b4b11a8a876a48ac24063637e04d2dfb3a8d86172b84ba7a90f97001fecb008:25)
	at com.android.tools.r8.internal.nq0.a(R8_8.8.18_9b4b11a8a876a48ac24063637e04d2dfb3a8d86172b84ba7a90f97001fecb008:22)
	at com.android.tools.r8.K.a(R8_8.8.18_9b4b11a8a876a48ac24063637e04d2dfb3a8d86172b84ba7a90f97001fecb008:3)
	at com.android.tools.r8.kotlin.Z.a(R8_8.8.18_9b4b11a8a876a48ac24063637e04d2dfb3a8d86172b84ba7a90f97001fecb008:9)
	at com.android.tools.r8.D8.b(R8_8.8.18_9b4b11a8a876a48ac24063637e04d2dfb3a8d86172b84ba7a90f97001fecb008:17)
	at com.android.tools.r8.internal.Qq0.a(R8_8.8.18_9b4b11a8a876a48ac24063637e04d2dfb3a8d86172b84ba7a90f97001fecb008:57)
	at com.android.tools.r8.D8.a(R8_8.8.18_9b4b11a8a876a48ac24063637e04d2dfb3a8d86172b84ba7a90f97001fecb008:88)
	at com.android.tools.r8.D8.d(R8_8.8.18_9b4b11a8a876a48ac24063637e04d2dfb3a8d86172b84ba7a90f97001fecb008:137)
	at com.android.tools.r8.D8.b(R8_8.8.18_9b4b11a8a876a48ac24063637e04d2dfb3a8d86172b84ba7a90f97001fecb008:1)
	at com.android.tools.r8.internal.Fu.a(R8_8.8.18_9b4b11a8a876a48ac24063637e04d2dfb3a8d86172b84ba7a90f97001fecb008:28)
	at com.android.tools.r8.internal.Fu.b(R8_8.8.18_9b4b11a8a876a48ac24063637e04d2dfb3a8d86172b84ba7a90f97001fecb008:2)
	at com.android.tools.r8.D8.run(R8_8.8.18_9b4b11a8a876a48ac24063637e04d2dfb3a8d86172b84ba7a90f97001fecb008:11)
	at com.android.builder.dexing.D8DexArchiveBuilder.convert(D8DexArchiveBuilder.java:127)
	at com.android.build.gradle.internal.dexing.DexWorkActionKt.process(DexWorkAction.kt:178)
	at com.android.build.gradle.internal.dexing.DexWorkActionKt.processNonIncrementally(DexWorkAction.kt:146)
	at com.android.build.gradle.internal.dexing.DexWorkActionKt.launchProcessing(DexWorkAction.kt:73)
	at com.android.build.gradle.internal.dexing.DexWorkAction.run(DexWorkAction.kt:45)
	at com.android.build.gradle.internal.profile.ProfileAwareWorkAction.execute(ProfileAwareWorkAction.kt:74)
	at org.gradle.workers.internal.DefaultWorkerServer.execute(DefaultWorkerServer.java:63)
	at org.gradle.workers.internal.NoIsolationWorkerFactory$1$1.create(NoIsolationWorkerFactory.java:66)
	at org.gradle.workers.internal.NoIsolationWorkerFactory$1$1.create(NoIsolationWorkerFactory.java:62)
	at org.gradle.internal.classloader.ClassLoaderUtils.executeInClassloader(ClassLoaderUtils.java:100)
	at org.gradle.workers.internal.NoIsolationWorkerFactory$1.lambda$execute$0(NoIsolationWorkerFactory.java:62)
	at org.gradle.workers.internal.AbstractWorker$1.call(AbstractWorker.java:44)
	at org.gradle.workers.internal.AbstractWorker$1.call(AbstractWorker.java:41)
	at org.gradle.internal.operations.DefaultBuildOperationRunner$CallableBuildOperationWorker.execute(DefaultBuildOperationRunner.java:209)
	at org.gradle.internal.operations.DefaultBuildOperationRunner$CallableBuildOperationWorker.execute(DefaultBuildOperationRunner.java:204)
	at org.gradle.internal.operations.DefaultBuildOperationRunner$2.execute(DefaultBuildOperationRunner.java:66)
	at org.gradle.internal.operations.DefaultBuildOperationRunner$2.execute(DefaultBuildOperationRunner.java:59)
	at org.gradle.internal.operations.DefaultBuildOperationRunner.execute(DefaultBuildOperationRunner.java:166)
	at org.gradle.internal.operations.DefaultBuildOperationRunner.execute(DefaultBuildOperationRunner.java:59)
	at org.gradle.internal.operations.DefaultBuildOperationRunner.call(DefaultBuildOperationRunner.java:53)
	at org.gradle.workers.internal.AbstractWorker.executeWrappedInBuildOperation(AbstractWorker.java:41)
	at org.gradle.workers.internal.NoIsolationWorkerFactory$1.execute(NoIsolationWorkerFactory.java:59)
	at org.gradle.workers.internal.DefaultWorkerExecutor.lambda$submitWork$0(DefaultWorkerExecutor.java:174)
	at java.base/java.util.concurrent.FutureTask.run(FutureTask.java:317)
	at org.gradle.internal.work.DefaultConditionalExecutionQueue$ExecutionRunner.runExecution(DefaultConditionalExecutionQueue.java:194)
	at org.gradle.internal.work.DefaultConditionalExecutionQueue$ExecutionRunner.access$700(DefaultConditionalExecutionQueue.java:127)
	at org.gradle.internal.work.DefaultConditionalExecutionQueue$ExecutionRunner$1.run(DefaultConditionalExecutionQueue.java:169)
	at org.gradle.internal.Factories$1.create(Factories.java:31)
	at org.gradle.internal.work.DefaultWorkerLeaseService.withLocks(DefaultWorkerLeaseService.java:263)
	at org.gradle.internal.work.DefaultWorkerLeaseService.runAsWorkerThread(DefaultWorkerLeaseService.java:127)
	at org.gradle.internal.work.DefaultWorkerLeaseService.runAsWorkerThread(DefaultWorkerLeaseService.java:132)
	at org.gradle.internal.work.DefaultConditionalExecutionQueue$ExecutionRunner.runBatch(DefaultConditionalExecutionQueue.java:164)
	at org.gradle.internal.work.DefaultConditionalExecutionQueue$ExecutionRunner.run(DefaultConditionalExecutionQueue.java:133)
	at java.base/java.util.concurrent.Executors$RunnableAdapter.call(Executors.java:572)
	at java.base/java.util.concurrent.FutureTask.run(FutureTask.java:317)
	at org.gradle.internal.concurrent.ExecutorPolicy$CatchAndRecordFailures.onExecute(ExecutorPolicy.java:64)
	at org.gradle.internal.concurrent.AbstractManagedExecutor$1.run(AbstractManagedExecutor.java:48)
	at java.base/java.util.concurrent.ThreadPoolExecutor.runWorker(ThreadPoolExecutor.java:1144)
	at java.base/java.util.concurrent.ThreadPoolExecutor$Worker.run(ThreadPoolExecutor.java:642)
	at java.base/java.lang.Thread.run(Thread.java:1583)

WARNING: D8: An error occurred when parsing kotlin metadata. This normally happens when using a newer version of kotlin than the kotlin version released when this version of R8 was created. To find compatible kotlin versions, please see: https://developer.android.com/studio/build/kotlin-d8-r8-versions
WARNING: D8: Unexpected error during rewriting of Kotlin metadata for class 'com.sevtinge.hyperceiler.module.hook.home.other.AlwaysShowStatusClock':
com.android.tools.r8.internal.nu0: Should never be called
	at com.android.tools.r8.kotlin.a0.a(R8_8.8.18_9b4b11a8a876a48ac24063637e04d2dfb3a8d86172b84ba7a90f97001fecb008:2)
	at com.android.tools.r8.kotlin.Z.a(R8_8.8.18_9b4b11a8a876a48ac24063637e04d2dfb3a8d86172b84ba7a90f97001fecb008:185)
	at com.android.tools.r8.kotlin.Z.a(R8_8.8.18_9b4b11a8a876a48ac24063637e04d2dfb3a8d86172b84ba7a90f97001fecb008:184)
	at com.android.tools.r8.internal.nq0.a(R8_8.8.18_9b4b11a8a876a48ac24063637e04d2dfb3a8d86172b84ba7a90f97001fecb008:23)
	at com.android.tools.r8.internal.nq0.a(R8_8.8.18_9b4b11a8a876a48ac24063637e04d2dfb3a8d86172b84ba7a90f97001fecb008:34)
	at com.android.tools.r8.internal.nq0.a(R8_8.8.18_9b4b11a8a876a48ac24063637e04d2dfb3a8d86172b84ba7a90f97001fecb008:17)
	at com.google.common.util.concurrent.TrustedListenableFutureTask$TrustedFutureInterruptibleTask.runInterruptibly(TrustedListenableFutureTask.java:131)
	at com.google.common.util.concurrent.InterruptibleTask.run(InterruptibleTask.java:75)
	at com.google.common.util.concurrent.TrustedListenableFutureTask.run(TrustedListenableFutureTask.java:82)
	at com.google.common.util.concurrent.MoreExecutors$DirectExecutorService.execute(MoreExecutors.java:327)
	at java.base/java.util.concurrent.AbstractExecutorService.submit(AbstractExecutorService.java:145)
	at com.google.common.util.concurrent.AbstractListeningExecutorService.submit(AbstractListeningExecutorService.java:79)
	at com.google.common.util.concurrent.AbstractListeningExecutorService.submit(AbstractListeningExecutorService.java:37)
	at com.android.tools.r8.internal.oq0.submit(R8_8.8.18_9b4b11a8a876a48ac24063637e04d2dfb3a8d86172b84ba7a90f97001fecb008:1)
	at com.android.tools.r8.internal.aq0.a(R8_8.8.18_9b4b11a8a876a48ac24063637e04d2dfb3a8d86172b84ba7a90f97001fecb008:1)
	at com.android.tools.r8.internal.nq0.a(R8_8.8.18_9b4b11a8a876a48ac24063637e04d2dfb3a8d86172b84ba7a90f97001fecb008:19)
	at com.android.tools.r8.internal.sx.a(R8_8.8.18_9b4b11a8a876a48ac24063637e04d2dfb3a8d86172b84ba7a90f97001fecb008:3)
	at java.base/java.util.ArrayList.forEach(ArrayList.java:1596)
	at com.android.tools.r8.internal.sx.a(R8_8.8.18_9b4b11a8a876a48ac24063637e04d2dfb3a8d86172b84ba7a90f97001fecb008:2)
	at com.android.tools.r8.internal.nq0.a(R8_8.8.18_9b4b11a8a876a48ac24063637e04d2dfb3a8d86172b84ba7a90f97001fecb008:10)
	at com.android.tools.r8.internal.nq0.a(R8_8.8.18_9b4b11a8a876a48ac24063637e04d2dfb3a8d86172b84ba7a90f97001fecb008:33)
	at com.android.tools.r8.internal.nq0.a(R8_8.8.18_9b4b11a8a876a48ac24063637e04d2dfb3a8d86172b84ba7a90f97001fecb008:25)
	at com.android.tools.r8.internal.nq0.a(R8_8.8.18_9b4b11a8a876a48ac24063637e04d2dfb3a8d86172b84ba7a90f97001fecb008:22)
	at com.android.tools.r8.K.a(R8_8.8.18_9b4b11a8a876a48ac24063637e04d2dfb3a8d86172b84ba7a90f97001fecb008:3)
	at com.android.tools.r8.kotlin.Z.a(R8_8.8.18_9b4b11a8a876a48ac24063637e04d2dfb3a8d86172b84ba7a90f97001fecb008:9)
	at com.android.tools.r8.D8.b(R8_8.8.18_9b4b11a8a876a48ac24063637e04d2dfb3a8d86172b84ba7a90f97001fecb008:17)
	at com.android.tools.r8.internal.Qq0.a(R8_8.8.18_9b4b11a8a876a48ac24063637e04d2dfb3a8d86172b84ba7a90f97001fecb008:57)
	at com.android.tools.r8.D8.a(R8_8.8.18_9b4b11a8a876a48ac24063637e04d2dfb3a8d86172b84ba7a90f97001fecb008:88)
	at com.android.tools.r8.D8.d(R8_8.8.18_9b4b11a8a876a48ac24063637e04d2dfb3a8d86172b84ba7a90f97001fecb008:137)
	at com.android.tools.r8.D8.b(R8_8.8.18_9b4b11a8a876a48ac24063637e04d2dfb3a8d86172b84ba7a90f97001fecb008:1)
	at com.android.tools.r8.internal.Fu.a(R8_8.8.18_9b4b11a8a876a48ac24063637e04d2dfb3a8d86172b84ba7a90f97001fecb008:28)
	at com.android.tools.r8.internal.Fu.b(R8_8.8.18_9b4b11a8a876a48ac24063637e04d2dfb3a8d86172b84ba7a90f97001fecb008:2)
	at com.android.tools.r8.D8.run(R8_8.8.18_9b4b11a8a876a48ac24063637e04d2dfb3a8d86172b84ba7a90f97001fecb008:11)
	at com.android.builder.dexing.D8DexArchiveBuilder.convert(D8DexArchiveBuilder.java:127)
	at com.android.build.gradle.internal.dexing.DexWorkActionKt.process(DexWorkAction.kt:178)
	at com.android.build.gradle.internal.dexing.DexWorkActionKt.processNonIncrementally(DexWorkAction.kt:146)
	at com.android.build.gradle.internal.dexing.DexWorkActionKt.launchProcessing(DexWorkAction.kt:73)
	at com.android.build.gradle.internal.dexing.DexWorkAction.run(DexWorkAction.kt:45)
	at com.android.build.gradle.internal.profile.ProfileAwareWorkAction.execute(ProfileAwareWorkAction.kt:74)
	at org.gradle.workers.internal.DefaultWorkerServer.execute(DefaultWorkerServer.java:63)
	at org.gradle.workers.internal.NoIsolationWorkerFactory$1$1.create(NoIsolationWorkerFactory.java:66)
	at org.gradle.workers.internal.NoIsolationWorkerFactory$1$1.create(NoIsolationWorkerFactory.java:62)
	at org.gradle.internal.classloader.ClassLoaderUtils.executeInClassloader(ClassLoaderUtils.java:100)
	at org.gradle.workers.internal.NoIsolationWorkerFactory$1.lambda$execute$0(NoIsolationWorkerFactory.java:62)
	at org.gradle.workers.internal.AbstractWorker$1.call(AbstractWorker.java:44)
	at org.gradle.workers.internal.AbstractWorker$1.call(AbstractWorker.java:41)
	at org.gradle.internal.operations.DefaultBuildOperationRunner$CallableBuildOperationWorker.execute(DefaultBuildOperationRunner.java:209)
	at org.gradle.internal.operations.DefaultBuildOperationRunner$CallableBuildOperationWorker.execute(DefaultBuildOperationRunner.java:204)
	at org.gradle.internal.operations.DefaultBuildOperationRunner$2.execute(DefaultBuildOperationRunner.java:66)
	at org.gradle.internal.operations.DefaultBuildOperationRunner$2.execute(DefaultBuildOperationRunner.java:59)
	at org.gradle.internal.operations.DefaultBuildOperationRunner.execute(DefaultBuildOperationRunner.java:166)
	at org.gradle.internal.operations.DefaultBuildOperationRunner.execute(DefaultBuildOperationRunner.java:59)
	at org.gradle.internal.operations.DefaultBuildOperationRunner.call(DefaultBuildOperationRunner.java:53)
	at org.gradle.workers.internal.AbstractWorker.executeWrappedInBuildOperation(AbstractWorker.java:41)
	at org.gradle.workers.internal.NoIsolationWorkerFactory$1.execute(NoIsolationWorkerFactory.java:59)
	at org.gradle.workers.internal.DefaultWorkerExecutor.lambda$submitWork$0(DefaultWorkerExecutor.java:174)
	at java.base/java.util.concurrent.FutureTask.run(FutureTask.java:317)
	at org.gradle.internal.work.DefaultConditionalExecutionQueue$ExecutionRunner.runExecution(DefaultConditionalExecutionQueue.java:194)
	at org.gradle.internal.work.DefaultConditionalExecutionQueue$ExecutionRunner.access$700(DefaultConditionalExecutionQueue.java:127)
	at org.gradle.internal.work.DefaultConditionalExecutionQueue$ExecutionRunner$1.run(DefaultConditionalExecutionQueue.java:169)
	at org.gradle.internal.Factories$1.create(Factories.java:31)
	at org.gradle.internal.work.DefaultWorkerLeaseService.withLocks(DefaultWorkerLeaseService.java:263)
	at org.gradle.internal.work.DefaultWorkerLeaseService.runAsWorkerThread(DefaultWorkerLeaseService.java:127)
	at org.gradle.internal.work.DefaultWorkerLeaseService.runAsWorkerThread(DefaultWorkerLeaseService.java:132)
	at org.gradle.internal.work.DefaultConditionalExecutionQueue$ExecutionRunner.runBatch(DefaultConditionalExecutionQueue.java:164)
	at org.gradle.internal.work.DefaultConditionalExecutionQueue$ExecutionRunner.run(DefaultConditionalExecutionQueue.java:133)
	at java.base/java.util.concurrent.Executors$RunnableAdapter.call(Executors.java:572)
	at java.base/java.util.concurrent.FutureTask.run(FutureTask.java:317)
	at org.gradle.internal.concurrent.ExecutorPolicy$CatchAndRecordFailures.onExecute(ExecutorPolicy.java:64)
	at org.gradle.internal.concurrent.AbstractManagedExecutor$1.run(AbstractManagedExecutor.java:48)
	at java.base/java.util.concurrent.ThreadPoolExecutor.runWorker(ThreadPoolExecutor.java:1144)
	at java.base/java.util.concurrent.ThreadPoolExecutor$Worker.run(ThreadPoolExecutor.java:642)
	at java.base/java.lang.Thread.run(Thread.java:1583)

WARNING: D8: An error occurred when parsing kotlin metadata. This normally happens when using a newer version of kotlin than the kotlin version released when this version of R8 was created. To find compatible kotlin versions, please see: https://developer.android.com/studio/build/kotlin-d8-r8-versions
WARNING: D8: Unexpected error during rewriting of Kotlin metadata for class 'com.sevtinge.hyperceiler.module.hook.home.folder.BigFolderItemMaxCount$init$2':
com.android.tools.r8.internal.nu0: Should never be called
	at com.android.tools.r8.kotlin.a0.a(R8_8.8.18_9b4b11a8a876a48ac24063637e04d2dfb3a8d86172b84ba7a90f97001fecb008:2)
	at com.android.tools.r8.kotlin.Z.a(R8_8.8.18_9b4b11a8a876a48ac24063637e04d2dfb3a8d86172b84ba7a90f97001fecb008:185)
	at com.android.tools.r8.kotlin.Z.a(R8_8.8.18_9b4b11a8a876a48ac24063637e04d2dfb3a8d86172b84ba7a90f97001fecb008:184)
	at com.android.tools.r8.internal.nq0.a(R8_8.8.18_9b4b11a8a876a48ac24063637e04d2dfb3a8d86172b84ba7a90f97001fecb008:23)
	at com.android.tools.r8.internal.nq0.a(R8_8.8.18_9b4b11a8a876a48ac24063637e04d2dfb3a8d86172b84ba7a90f97001fecb008:34)
	at com.android.tools.r8.internal.nq0.a(R8_8.8.18_9b4b11a8a876a48ac24063637e04d2dfb3a8d86172b84ba7a90f97001fecb008:17)
	at com.google.common.util.concurrent.TrustedListenableFutureTask$TrustedFutureInterruptibleTask.runInterruptibly(TrustedListenableFutureTask.java:131)
	at com.google.common.util.concurrent.InterruptibleTask.run(InterruptibleTask.java:75)
	at com.google.common.util.concurrent.TrustedListenableFutureTask.run(TrustedListenableFutureTask.java:82)
	at com.google.common.util.concurrent.MoreExecutors$DirectExecutorService.execute(MoreExecutors.java:327)
	at java.base/java.util.concurrent.AbstractExecutorService.submit(AbstractExecutorService.java:145)
	at com.google.common.util.concurrent.AbstractListeningExecutorService.submit(AbstractListeningExecutorService.java:79)
	at com.google.common.util.concurrent.AbstractListeningExecutorService.submit(AbstractListeningExecutorService.java:37)
	at com.android.tools.r8.internal.oq0.submit(R8_8.8.18_9b4b11a8a876a48ac24063637e04d2dfb3a8d86172b84ba7a90f97001fecb008:1)
	at com.android.tools.r8.internal.aq0.a(R8_8.8.18_9b4b11a8a876a48ac24063637e04d2dfb3a8d86172b84ba7a90f97001fecb008:1)
	at com.android.tools.r8.internal.nq0.a(R8_8.8.18_9b4b11a8a876a48ac24063637e04d2dfb3a8d86172b84ba7a90f97001fecb008:19)
	at com.android.tools.r8.internal.sx.a(R8_8.8.18_9b4b11a8a876a48ac24063637e04d2dfb3a8d86172b84ba7a90f97001fecb008:3)
	at java.base/java.util.ArrayList.forEach(ArrayList.java:1596)
	at com.android.tools.r8.internal.sx.a(R8_8.8.18_9b4b11a8a876a48ac24063637e04d2dfb3a8d86172b84ba7a90f97001fecb008:2)
	at com.android.tools.r8.internal.nq0.a(R8_8.8.18_9b4b11a8a876a48ac24063637e04d2dfb3a8d86172b84ba7a90f97001fecb008:10)
	at com.android.tools.r8.internal.nq0.a(R8_8.8.18_9b4b11a8a876a48ac24063637e04d2dfb3a8d86172b84ba7a90f97001fecb008:33)
	at com.android.tools.r8.internal.nq0.a(R8_8.8.18_9b4b11a8a876a48ac24063637e04d2dfb3a8d86172b84ba7a90f97001fecb008:25)
	at com.android.tools.r8.internal.nq0.a(R8_8.8.18_9b4b11a8a876a48ac24063637e04d2dfb3a8d86172b84ba7a90f97001fecb008:22)
	at com.android.tools.r8.K.a(R8_8.8.18_9b4b11a8a876a48ac24063637e04d2dfb3a8d86172b84ba7a90f97001fecb008:3)
	at com.android.tools.r8.kotlin.Z.a(R8_8.8.18_9b4b11a8a876a48ac24063637e04d2dfb3a8d86172b84ba7a90f97001fecb008:9)
	at com.android.tools.r8.D8.b(R8_8.8.18_9b4b11a8a876a48ac24063637e04d2dfb3a8d86172b84ba7a90f97001fecb008:17)
	at com.android.tools.r8.internal.Qq0.a(R8_8.8.18_9b4b11a8a876a48ac24063637e04d2dfb3a8d86172b84ba7a90f97001fecb008:57)
	at com.android.tools.r8.D8.a(R8_8.8.18_9b4b11a8a876a48ac24063637e04d2dfb3a8d86172b84ba7a90f97001fecb008:88)
	at com.android.tools.r8.D8.d(R8_8.8.18_9b4b11a8a876a48ac24063637e04d2dfb3a8d86172b84ba7a90f97001fecb008:137)
	at com.android.tools.r8.D8.b(R8_8.8.18_9b4b11a8a876a48ac24063637e04d2dfb3a8d86172b84ba7a90f97001fecb008:1)
	at com.android.tools.r8.internal.Fu.a(R8_8.8.18_9b4b11a8a876a48ac24063637e04d2dfb3a8d86172b84ba7a90f97001fecb008:28)
	at com.android.tools.r8.internal.Fu.b(R8_8.8.18_9b4b11a8a876a48ac24063637e04d2dfb3a8d86172b84ba7a90f97001fecb008:2)
	at com.android.tools.r8.D8.run(R8_8.8.18_9b4b11a8a876a48ac24063637e04d2dfb3a8d86172b84ba7a90f97001fecb008:11)
	at com.android.builder.dexing.D8DexArchiveBuilder.convert(D8DexArchiveBuilder.java:127)
	at com.android.build.gradle.internal.dexing.DexWorkActionKt.process(DexWorkAction.kt:178)
	at com.android.build.gradle.internal.dexing.DexWorkActionKt.processNonIncrementally(DexWorkAction.kt:146)
	at com.android.build.gradle.internal.dexing.DexWorkActionKt.launchProcessing(DexWorkAction.kt:73)
	at com.android.build.gradle.internal.dexing.DexWorkAction.run(DexWorkAction.kt:45)
	at com.android.build.gradle.internal.profile.ProfileAwareWorkAction.execute(ProfileAwareWorkAction.kt:74)
	at org.gradle.workers.internal.DefaultWorkerServer.execute(DefaultWorkerServer.java:63)
	at org.gradle.workers.internal.NoIsolationWorkerFactory$1$1.create(NoIsolationWorkerFactory.java:66)
	at org.gradle.workers.internal.NoIsolationWorkerFactory$1$1.create(NoIsolationWorkerFactory.java:62)
	at org.gradle.internal.classloader.ClassLoaderUtils.executeInClassloader(ClassLoaderUtils.java:100)
	at org.gradle.workers.internal.NoIsolationWorkerFactory$1.lambda$execute$0(NoIsolationWorkerFactory.java:62)
	at org.gradle.workers.internal.AbstractWorker$1.call(AbstractWorker.java:44)
	at org.gradle.workers.internal.AbstractWorker$1.call(AbstractWorker.java:41)
	at org.gradle.internal.operations.DefaultBuildOperationRunner$CallableBuildOperationWorker.execute(DefaultBuildOperationRunner.java:209)
	at org.gradle.internal.operations.DefaultBuildOperationRunner$CallableBuildOperationWorker.execute(DefaultBuildOperationRunner.java:204)
	at org.gradle.internal.operations.DefaultBuildOperationRunner$2.execute(DefaultBuildOperationRunner.java:66)
	at org.gradle.internal.operations.DefaultBuildOperationRunner$2.execute(DefaultBuildOperationRunner.java:59)
	at org.gradle.internal.operations.DefaultBuildOperationRunner.execute(DefaultBuildOperationRunner.java:166)
	at org.gradle.internal.operations.DefaultBuildOperationRunner.execute(DefaultBuildOperationRunner.java:59)
	at org.gradle.internal.operations.DefaultBuildOperationRunner.call(DefaultBuildOperationRunner.java:53)
	at org.gradle.workers.internal.AbstractWorker.executeWrappedInBuildOperation(AbstractWorker.java:41)
	at org.gradle.workers.internal.NoIsolationWorkerFactory$1.execute(NoIsolationWorkerFactory.java:59)
	at org.gradle.workers.internal.DefaultWorkerExecutor.lambda$submitWork$0(DefaultWorkerExecutor.java:174)
	at java.base/java.util.concurrent.FutureTask.run(FutureTask.java:317)
	at org.gradle.internal.work.DefaultConditionalExecutionQueue$ExecutionRunner.runExecution(DefaultConditionalExecutionQueue.java:194)
	at org.gradle.internal.work.DefaultConditionalExecutionQueue$ExecutionRunner.access$700(DefaultConditionalExecutionQueue.java:127)
	at org.gradle.internal.work.DefaultConditionalExecutionQueue$ExecutionRunner$1.run(DefaultConditionalExecutionQueue.java:169)
	at org.gradle.internal.Factories$1.create(Factories.java:31)
	at org.gradle.internal.work.DefaultWorkerLeaseService.withLocks(DefaultWorkerLeaseService.java:263)
	at org.gradle.internal.work.DefaultWorkerLeaseService.runAsWorkerThread(DefaultWorkerLeaseService.java:127)
	at org.gradle.internal.work.DefaultWorkerLeaseService.runAsWorkerThread(DefaultWorkerLeaseService.java:132)
	at org.gradle.internal.work.DefaultConditionalExecutionQueue$ExecutionRunner.runBatch(DefaultConditionalExecutionQueue.java:164)
	at org.gradle.internal.work.DefaultConditionalExecutionQueue$ExecutionRunner.run(DefaultConditionalExecutionQueue.java:133)
	at java.base/java.util.concurrent.Executors$RunnableAdapter.call(Executors.java:572)
	at java.base/java.util.concurrent.FutureTask.run(FutureTask.java:317)
	at org.gradle.internal.concurrent.ExecutorPolicy$CatchAndRecordFailures.onExecute(ExecutorPolicy.java:64)
	at org.gradle.internal.concurrent.AbstractManagedExecutor$1.run(AbstractManagedExecutor.java:48)
	at java.base/java.util.concurrent.ThreadPoolExecutor.runWorker(ThreadPoolExecutor.java:1144)
	at java.base/java.util.concurrent.ThreadPoolExecutor$Worker.run(ThreadPoolExecutor.java:642)
	at java.base/java.lang.Thread.run(Thread.java:1583)

WARNING: D8: An error occurred when parsing kotlin metadata. This normally happens when using a newer version of kotlin than the kotlin version released when this version of R8 was created. To find compatible kotlin versions, please see: https://developer.android.com/studio/build/kotlin-d8-r8-versions
WARNING: D8: Unexpected error during rewriting of Kotlin metadata for class 'com.sevtinge.hyperceiler.module.hook.personalassistant.BlurPersonalAssistantBackGround$init$$inlined$hookBeforeAllMethods$1':
com.android.tools.r8.internal.nu0: Should never be called
	at com.android.tools.r8.kotlin.a0.a(R8_8.8.18_9b4b11a8a876a48ac24063637e04d2dfb3a8d86172b84ba7a90f97001fecb008:2)
	at com.android.tools.r8.kotlin.Z.a(R8_8.8.18_9b4b11a8a876a48ac24063637e04d2dfb3a8d86172b84ba7a90f97001fecb008:185)
	at com.android.tools.r8.kotlin.Z.a(R8_8.8.18_9b4b11a8a876a48ac24063637e04d2dfb3a8d86172b84ba7a90f97001fecb008:184)
	at com.android.tools.r8.internal.nq0.a(R8_8.8.18_9b4b11a8a876a48ac24063637e04d2dfb3a8d86172b84ba7a90f97001fecb008:23)
	at com.android.tools.r8.internal.nq0.a(R8_8.8.18_9b4b11a8a876a48ac24063637e04d2dfb3a8d86172b84ba7a90f97001fecb008:34)
	at com.android.tools.r8.internal.nq0.a(R8_8.8.18_9b4b11a8a876a48ac24063637e04d2dfb3a8d86172b84ba7a90f97001fecb008:17)
	at com.google.common.util.concurrent.TrustedListenableFutureTask$TrustedFutureInterruptibleTask.runInterruptibly(TrustedListenableFutureTask.java:131)
	at com.google.common.util.concurrent.InterruptibleTask.run(InterruptibleTask.java:75)
	at com.google.common.util.concurrent.TrustedListenableFutureTask.run(TrustedListenableFutureTask.java:82)
	at com.google.common.util.concurrent.MoreExecutors$DirectExecutorService.execute(MoreExecutors.java:327)
	at java.base/java.util.concurrent.AbstractExecutorService.submit(AbstractExecutorService.java:145)
	at com.google.common.util.concurrent.AbstractListeningExecutorService.submit(AbstractListeningExecutorService.java:79)
	at com.google.common.util.concurrent.AbstractListeningExecutorService.submit(AbstractListeningExecutorService.java:37)
	at com.android.tools.r8.internal.oq0.submit(R8_8.8.18_9b4b11a8a876a48ac24063637e04d2dfb3a8d86172b84ba7a90f97001fecb008:1)
	at com.android.tools.r8.internal.aq0.a(R8_8.8.18_9b4b11a8a876a48ac24063637e04d2dfb3a8d86172b84ba7a90f97001fecb008:1)
	at com.android.tools.r8.internal.nq0.a(R8_8.8.18_9b4b11a8a876a48ac24063637e04d2dfb3a8d86172b84ba7a90f97001fecb008:19)
	at com.android.tools.r8.internal.sx.a(R8_8.8.18_9b4b11a8a876a48ac24063637e04d2dfb3a8d86172b84ba7a90f97001fecb008:3)
	at java.base/java.util.ArrayList.forEach(ArrayList.java:1596)
	at com.android.tools.r8.internal.sx.a(R8_8.8.18_9b4b11a8a876a48ac24063637e04d2dfb3a8d86172b84ba7a90f97001fecb008:2)
	at com.android.tools.r8.internal.nq0.a(R8_8.8.18_9b4b11a8a876a48ac24063637e04d2dfb3a8d86172b84ba7a90f97001fecb008:10)
	at com.android.tools.r8.internal.nq0.a(R8_8.8.18_9b4b11a8a876a48ac24063637e04d2dfb3a8d86172b84ba7a90f97001fecb008:33)
	at com.android.tools.r8.internal.nq0.a(R8_8.8.18_9b4b11a8a876a48ac24063637e04d2dfb3a8d86172b84ba7a90f97001fecb008:25)
	at com.android.tools.r8.internal.nq0.a(R8_8.8.18_9b4b11a8a876a48ac24063637e04d2dfb3a8d86172b84ba7a90f97001fecb008:22)
	at com.android.tools.r8.K.a(R8_8.8.18_9b4b11a8a876a48ac24063637e04d2dfb3a8d86172b84ba7a90f97001fecb008:3)
	at com.android.tools.r8.kotlin.Z.a(R8_8.8.18_9b4b11a8a876a48ac24063637e04d2dfb3a8d86172b84ba7a90f97001fecb008:9)
	at com.android.tools.r8.D8.b(R8_8.8.18_9b4b11a8a876a48ac24063637e04d2dfb3a8d86172b84ba7a90f97001fecb008:17)
	at com.android.tools.r8.internal.Qq0.a(R8_8.8.18_9b4b11a8a876a48ac24063637e04d2dfb3a8d86172b84ba7a90f97001fecb008:57)
	at com.android.tools.r8.D8.a(R8_8.8.18_9b4b11a8a876a48ac24063637e04d2dfb3a8d86172b84ba7a90f97001fecb008:88)
	at com.android.tools.r8.D8.d(R8_8.8.18_9b4b11a8a876a48ac24063637e04d2dfb3a8d86172b84ba7a90f97001fecb008:137)
	at com.android.tools.r8.D8.b(R8_8.8.18_9b4b11a8a876a48ac24063637e04d2dfb3a8d86172b84ba7a90f97001fecb008:1)
	at com.android.tools.r8.internal.Fu.a(R8_8.8.18_9b4b11a8a876a48ac24063637e04d2dfb3a8d86172b84ba7a90f97001fecb008:28)
	at com.android.tools.r8.internal.Fu.b(R8_8.8.18_9b4b11a8a876a48ac24063637e04d2dfb3a8d86172b84ba7a90f97001fecb008:2)
	at com.android.tools.r8.D8.run(R8_8.8.18_9b4b11a8a876a48ac24063637e04d2dfb3a8d86172b84ba7a90f97001fecb008:11)
	at com.android.builder.dexing.D8DexArchiveBuilder.convert(D8DexArchiveBuilder.java:127)
	at com.android.build.gradle.internal.dexing.DexWorkActionKt.process(DexWorkAction.kt:178)
	at com.android.build.gradle.internal.dexing.DexWorkActionKt.processNonIncrementally(DexWorkAction.kt:146)
	at com.android.build.gradle.internal.dexing.DexWorkActionKt.launchProcessing(DexWorkAction.kt:73)
	at com.android.build.gradle.internal.dexing.DexWorkAction.run(DexWorkAction.kt:45)
	at com.android.build.gradle.internal.profile.ProfileAwareWorkAction.execute(ProfileAwareWorkAction.kt:74)
	at org.gradle.workers.internal.DefaultWorkerServer.execute(DefaultWorkerServer.java:63)
	at org.gradle.workers.internal.NoIsolationWorkerFactory$1$1.create(NoIsolationWorkerFactory.java:66)
	at org.gradle.workers.internal.NoIsolationWorkerFactory$1$1.create(NoIsolationWorkerFactory.java:62)
	at org.gradle.internal.classloader.ClassLoaderUtils.executeInClassloader(ClassLoaderUtils.java:100)
	at org.gradle.workers.internal.NoIsolationWorkerFactory$1.lambda$execute$0(NoIsolationWorkerFactory.java:62)
	at org.gradle.workers.internal.AbstractWorker$1.call(AbstractWorker.java:44)
	at org.gradle.workers.internal.AbstractWorker$1.call(AbstractWorker.java:41)
	at org.gradle.internal.operations.DefaultBuildOperationRunner$CallableBuildOperationWorker.execute(DefaultBuildOperationRunner.java:209)
	at org.gradle.internal.operations.DefaultBuildOperationRunner$CallableBuildOperationWorker.execute(DefaultBuildOperationRunner.java:204)
	at org.gradle.internal.operations.DefaultBuildOperationRunner$2.execute(DefaultBuildOperationRunner.java:66)
	at org.gradle.internal.operations.DefaultBuildOperationRunner$2.execute(DefaultBuildOperationRunner.java:59)
	at org.gradle.internal.operations.DefaultBuildOperationRunner.execute(DefaultBuildOperationRunner.java:166)
	at org.gradle.internal.operations.DefaultBuildOperationRunner.execute(DefaultBuildOperationRunner.java:59)
	at org.gradle.internal.operations.DefaultBuildOperationRunner.call(DefaultBuildOperationRunner.java:53)
	at org.gradle.workers.internal.AbstractWorker.executeWrappedInBuildOperation(AbstractWorker.java:41)
	at org.gradle.workers.internal.NoIsolationWorkerFactory$1.execute(NoIsolationWorkerFactory.java:59)
	at org.gradle.workers.internal.DefaultWorkerExecutor.lambda$submitWork$0(DefaultWorkerExecutor.java:174)
	at java.base/java.util.concurrent.FutureTask.run(FutureTask.java:317)
	at org.gradle.internal.work.DefaultConditionalExecutionQueue$ExecutionRunner.runExecution(DefaultConditionalExecutionQueue.java:194)
	at org.gradle.internal.work.DefaultConditionalExecutionQueue$ExecutionRunner.access$700(DefaultConditionalExecutionQueue.java:127)
	at org.gradle.internal.work.DefaultConditionalExecutionQueue$ExecutionRunner$1.run(DefaultConditionalExecutionQueue.java:169)
	at org.gradle.internal.Factories$1.create(Factories.java:31)
	at org.gradle.internal.work.DefaultWorkerLeaseService.withLocks(DefaultWorkerLeaseService.java:263)
	at org.gradle.internal.work.DefaultWorkerLeaseService.runAsWorkerThread(DefaultWorkerLeaseService.java:127)
	at org.gradle.internal.work.DefaultWorkerLeaseService.runAsWorkerThread(DefaultWorkerLeaseService.java:132)
	at org.gradle.internal.work.DefaultConditionalExecutionQueue$ExecutionRunner.runBatch(DefaultConditionalExecutionQueue.java:164)
	at org.gradle.internal.work.DefaultConditionalExecutionQueue$ExecutionRunner.run(DefaultConditionalExecutionQueue.java:133)
	at java.base/java.util.concurrent.Executors$RunnableAdapter.call(Executors.java:572)
	at java.base/java.util.concurrent.FutureTask.run(FutureTask.java:317)
	at org.gradle.internal.concurrent.ExecutorPolicy$CatchAndRecordFailures.onExecute(ExecutorPolicy.java:64)
	at org.gradle.internal.concurrent.AbstractManagedExecutor$1.run(AbstractManagedExecutor.java:48)
	at java.base/java.util.concurrent.ThreadPoolExecutor.runWorker(ThreadPoolExecutor.java:1144)
	at java.base/java.util.concurrent.ThreadPoolExecutor$Worker.run(ThreadPoolExecutor.java:642)
	at java.base/java.lang.Thread.run(Thread.java:1583)

WARNING: D8: An error occurred when parsing kotlin metadata. This normally happens when using a newer version of kotlin than the kotlin version released when this version of R8 was created. To find compatible kotlin versions, please see: https://developer.android.com/studio/build/kotlin-d8-r8-versions
WARNING: D8: Unexpected error during rewriting of Kotlin metadata for class 'com.github.kyuubiran.ezxhelper.finders.FieldFinder':
com.android.tools.r8.internal.nu0: Should never be called
	at com.android.tools.r8.kotlin.a0.a(R8_8.8.18_9b4b11a8a876a48ac24063637e04d2dfb3a8d86172b84ba7a90f97001fecb008:2)
	at com.android.tools.r8.kotlin.Z.a(R8_8.8.18_9b4b11a8a876a48ac24063637e04d2dfb3a8d86172b84ba7a90f97001fecb008:185)
	at com.android.tools.r8.kotlin.Z.a(R8_8.8.18_9b4b11a8a876a48ac24063637e04d2dfb3a8d86172b84ba7a90f97001fecb008:184)
	at com.android.tools.r8.internal.nq0.a(R8_8.8.18_9b4b11a8a876a48ac24063637e04d2dfb3a8d86172b84ba7a90f97001fecb008:23)
	at com.android.tools.r8.internal.nq0.a(R8_8.8.18_9b4b11a8a876a48ac24063637e04d2dfb3a8d86172b84ba7a90f97001fecb008:34)
	at com.android.tools.r8.internal.nq0.a(R8_8.8.18_9b4b11a8a876a48ac24063637e04d2dfb3a8d86172b84ba7a90f97001fecb008:17)
	at com.google.common.util.concurrent.TrustedListenableFutureTask$TrustedFutureInterruptibleTask.runInterruptibly(TrustedListenableFutureTask.java:131)
	at com.google.common.util.concurrent.InterruptibleTask.run(InterruptibleTask.java:75)
	at com.google.common.util.concurrent.TrustedListenableFutureTask.run(TrustedListenableFutureTask.java:82)
	at com.google.common.util.concurrent.MoreExecutors$DirectExecutorService.execute(MoreExecutors.java:327)
	at java.base/java.util.concurrent.AbstractExecutorService.submit(AbstractExecutorService.java:145)
	at com.google.common.util.concurrent.AbstractListeningExecutorService.submit(AbstractListeningExecutorService.java:79)
	at com.google.common.util.concurrent.AbstractListeningExecutorService.submit(AbstractListeningExecutorService.java:37)
	at com.android.tools.r8.internal.oq0.submit(R8_8.8.18_9b4b11a8a876a48ac24063637e04d2dfb3a8d86172b84ba7a90f97001fecb008:1)
	at com.android.tools.r8.internal.aq0.a(R8_8.8.18_9b4b11a8a876a48ac24063637e04d2dfb3a8d86172b84ba7a90f97001fecb008:1)
	at com.android.tools.r8.internal.nq0.a(R8_8.8.18_9b4b11a8a876a48ac24063637e04d2dfb3a8d86172b84ba7a90f97001fecb008:19)
	at com.android.tools.r8.internal.sx.a(R8_8.8.18_9b4b11a8a876a48ac24063637e04d2dfb3a8d86172b84ba7a90f97001fecb008:3)
	at java.base/java.util.ArrayList.forEach(ArrayList.java:1596)
	at com.android.tools.r8.internal.sx.a(R8_8.8.18_9b4b11a8a876a48ac24063637e04d2dfb3a8d86172b84ba7a90f97001fecb008:2)
	at com.android.tools.r8.internal.nq0.a(R8_8.8.18_9b4b11a8a876a48ac24063637e04d2dfb3a8d86172b84ba7a90f97001fecb008:10)
	at com.android.tools.r8.internal.nq0.a(R8_8.8.18_9b4b11a8a876a48ac24063637e04d2dfb3a8d86172b84ba7a90f97001fecb008:33)
	at com.android.tools.r8.internal.nq0.a(R8_8.8.18_9b4b11a8a876a48ac24063637e04d2dfb3a8d86172b84ba7a90f97001fecb008:25)
	at com.android.tools.r8.internal.nq0.a(R8_8.8.18_9b4b11a8a876a48ac24063637e04d2dfb3a8d86172b84ba7a90f97001fecb008:22)
	at com.android.tools.r8.K.a(R8_8.8.18_9b4b11a8a876a48ac24063637e04d2dfb3a8d86172b84ba7a90f97001fecb008:3)
	at com.android.tools.r8.kotlin.Z.a(R8_8.8.18_9b4b11a8a876a48ac24063637e04d2dfb3a8d86172b84ba7a90f97001fecb008:9)
	at com.android.tools.r8.D8.b(R8_8.8.18_9b4b11a8a876a48ac24063637e04d2dfb3a8d86172b84ba7a90f97001fecb008:17)
	at com.android.tools.r8.internal.Qq0.a(R8_8.8.18_9b4b11a8a876a48ac24063637e04d2dfb3a8d86172b84ba7a90f97001fecb008:57)
	at com.android.tools.r8.D8.a(R8_8.8.18_9b4b11a8a876a48ac24063637e04d2dfb3a8d86172b84ba7a90f97001fecb008:88)
	at com.android.tools.r8.D8.d(R8_8.8.18_9b4b11a8a876a48ac24063637e04d2dfb3a8d86172b84ba7a90f97001fecb008:137)
	at com.android.tools.r8.D8.b(R8_8.8.18_9b4b11a8a876a48ac24063637e04d2dfb3a8d86172b84ba7a90f97001fecb008:1)
	at com.android.tools.r8.internal.Fu.a(R8_8.8.18_9b4b11a8a876a48ac24063637e04d2dfb3a8d86172b84ba7a90f97001fecb008:28)
	at com.android.tools.r8.internal.Fu.b(R8_8.8.18_9b4b11a8a876a48ac24063637e04d2dfb3a8d86172b84ba7a90f97001fecb008:2)
	at com.android.tools.r8.D8.run(R8_8.8.18_9b4b11a8a876a48ac24063637e04d2dfb3a8d86172b84ba7a90f97001fecb008:11)
	at com.android.builder.dexing.D8DexArchiveBuilder.convert(D8DexArchiveBuilder.java:127)
	at com.android.build.gradle.internal.dexing.DexWorkActionKt.process(DexWorkAction.kt:178)
	at com.android.build.gradle.internal.dexing.DexWorkActionKt.processNonIncrementally(DexWorkAction.kt:146)
	at com.android.build.gradle.internal.dexing.DexWorkActionKt.launchProcessing(DexWorkAction.kt:73)
	at com.android.build.gradle.internal.dexing.DexWorkAction.run(DexWorkAction.kt:45)
	at com.android.build.gradle.internal.profile.ProfileAwareWorkAction.execute(ProfileAwareWorkAction.kt:74)
	at org.gradle.workers.internal.DefaultWorkerServer.execute(DefaultWorkerServer.java:63)
	at org.gradle.workers.internal.NoIsolationWorkerFactory$1$1.create(NoIsolationWorkerFactory.java:66)
	at org.gradle.workers.internal.NoIsolationWorkerFactory$1$1.create(NoIsolationWorkerFactory.java:62)
	at org.gradle.internal.classloader.ClassLoaderUtils.executeInClassloader(ClassLoaderUtils.java:100)
	at org.gradle.workers.internal.NoIsolationWorkerFactory$1.lambda$execute$0(NoIsolationWorkerFactory.java:62)
	at org.gradle.workers.internal.AbstractWorker$1.call(AbstractWorker.java:44)
	at org.gradle.workers.internal.AbstractWorker$1.call(AbstractWorker.java:41)
	at org.gradle.internal.operations.DefaultBuildOperationRunner$CallableBuildOperationWorker.execute(DefaultBuildOperationRunner.java:209)
	at org.gradle.internal.operations.DefaultBuildOperationRunner$CallableBuildOperationWorker.execute(DefaultBuildOperationRunner.java:204)
	at org.gradle.internal.operations.DefaultBuildOperationRunner$2.execute(DefaultBuildOperationRunner.java:66)
	at org.gradle.internal.operations.DefaultBuildOperationRunner$2.execute(DefaultBuildOperationRunner.java:59)
	at org.gradle.internal.operations.DefaultBuildOperationRunner.execute(DefaultBuildOperationRunner.java:166)
	at org.gradle.internal.operations.DefaultBuildOperationRunner.execute(DefaultBuildOperationRunner.java:59)
	at org.gradle.internal.operations.DefaultBuildOperationRunner.call(DefaultBuildOperationRunner.java:53)
	at org.gradle.workers.internal.AbstractWorker.executeWrappedInBuildOperation(AbstractWorker.java:41)
	at org.gradle.workers.internal.NoIsolationWorkerFactory$1.execute(NoIsolationWorkerFactory.java:59)
	at org.gradle.workers.internal.DefaultWorkerExecutor.lambda$submitWork$0(DefaultWorkerExecutor.java:174)
	at java.base/java.util.concurrent.FutureTask.run(FutureTask.java:317)
	at org.gradle.internal.work.DefaultConditionalExecutionQueue$ExecutionRunner.runExecution(DefaultConditionalExecutionQueue.java:194)
	at org.gradle.internal.work.DefaultConditionalExecutionQueue$ExecutionRunner.access$700(DefaultConditionalExecutionQueue.java:127)
	at org.gradle.internal.work.DefaultConditionalExecutionQueue$ExecutionRunner$1.run(DefaultConditionalExecutionQueue.java:169)
	at org.gradle.internal.Factories$1.create(Factories.java:31)
	at org.gradle.internal.work.DefaultWorkerLeaseService.withLocks(DefaultWorkerLeaseService.java:263)
	at org.gradle.internal.work.DefaultWorkerLeaseService.runAsWorkerThread(DefaultWorkerLeaseService.java:127)
	at org.gradle.internal.work.DefaultWorkerLeaseService.runAsWorkerThread(DefaultWorkerLeaseService.java:132)
	at org.gradle.internal.work.DefaultConditionalExecutionQueue$ExecutionRunner.runBatch(DefaultConditionalExecutionQueue.java:164)
	at org.gradle.internal.work.DefaultConditionalExecutionQueue$ExecutionRunner.run(DefaultConditionalExecutionQueue.java:133)
	at java.base/java.util.concurrent.Executors$RunnableAdapter.call(Executors.java:572)
	at java.base/java.util.concurrent.FutureTask.run(FutureTask.java:317)
	at org.gradle.internal.concurrent.ExecutorPolicy$CatchAndRecordFailures.onExecute(ExecutorPolicy.java:64)
	at org.gradle.internal.concurrent.AbstractManagedExecutor$1.run(AbstractManagedExecutor.java:48)
	at java.base/java.util.concurrent.ThreadPoolExecutor.runWorker(ThreadPoolExecutor.java:1144)
	at java.base/java.util.concurrent.ThreadPoolExecutor$Worker.run(ThreadPoolExecutor.java:642)
	at java.base/java.lang.Thread.run(Thread.java:1583)

WARNING: D8: An error occurred when parsing kotlin metadata. This normally happens when using a newer version of kotlin than the kotlin version released when this version of R8 was created. To find compatible kotlin versions, please see: https://developer.android.com/studio/build/kotlin-d8-r8-versions
WARNING: D8: Unexpected error during rewriting of Kotlin metadata for class 'com.sevtinge.hyperceiler.module.hook.home.drawer.AllAppsContainerViewBlur$init$$inlined$hookBeforeMethod$1':
com.android.tools.r8.internal.nu0: Should never be called
	at com.android.tools.r8.kotlin.a0.a(R8_8.8.18_9b4b11a8a876a48ac24063637e04d2dfb3a8d86172b84ba7a90f97001fecb008:2)
	at com.android.tools.r8.kotlin.Z.a(R8_8.8.18_9b4b11a8a876a48ac24063637e04d2dfb3a8d86172b84ba7a90f97001fecb008:185)
	at com.android.tools.r8.kotlin.Z.a(R8_8.8.18_9b4b11a8a876a48ac24063637e04d2dfb3a8d86172b84ba7a90f97001fecb008:184)
	at com.android.tools.r8.internal.nq0.a(R8_8.8.18_9b4b11a8a876a48ac24063637e04d2dfb3a8d86172b84ba7a90f97001fecb008:23)
	at com.android.tools.r8.internal.nq0.a(R8_8.8.18_9b4b11a8a876a48ac24063637e04d2dfb3a8d86172b84ba7a90f97001fecb008:34)
	at com.android.tools.r8.internal.nq0.a(R8_8.8.18_9b4b11a8a876a48ac24063637e04d2dfb3a8d86172b84ba7a90f97001fecb008:17)
	at com.google.common.util.concurrent.TrustedListenableFutureTask$TrustedFutureInterruptibleTask.runInterruptibly(TrustedListenableFutureTask.java:131)
	at com.google.common.util.concurrent.InterruptibleTask.run(InterruptibleTask.java:75)
	at com.google.common.util.concurrent.TrustedListenableFutureTask.run(TrustedListenableFutureTask.java:82)
	at com.google.common.util.concurrent.MoreExecutors$DirectExecutorService.execute(MoreExecutors.java:327)
	at java.base/java.util.concurrent.AbstractExecutorService.submit(AbstractExecutorService.java:145)
	at com.google.common.util.concurrent.AbstractListeningExecutorService.submit(AbstractListeningExecutorService.java:79)
	at com.google.common.util.concurrent.AbstractListeningExecutorService.submit(AbstractListeningExecutorService.java:37)
	at com.android.tools.r8.internal.oq0.submit(R8_8.8.18_9b4b11a8a876a48ac24063637e04d2dfb3a8d86172b84ba7a90f97001fecb008:1)
	at com.android.tools.r8.internal.aq0.a(R8_8.8.18_9b4b11a8a876a48ac24063637e04d2dfb3a8d86172b84ba7a90f97001fecb008:1)
	at com.android.tools.r8.internal.nq0.a(R8_8.8.18_9b4b11a8a876a48ac24063637e04d2dfb3a8d86172b84ba7a90f97001fecb008:19)
	at com.android.tools.r8.internal.sx.a(R8_8.8.18_9b4b11a8a876a48ac24063637e04d2dfb3a8d86172b84ba7a90f97001fecb008:3)
	at java.base/java.util.ArrayList.forEach(ArrayList.java:1596)
	at com.android.tools.r8.internal.sx.a(R8_8.8.18_9b4b11a8a876a48ac24063637e04d2dfb3a8d86172b84ba7a90f97001fecb008:2)
	at com.android.tools.r8.internal.nq0.a(R8_8.8.18_9b4b11a8a876a48ac24063637e04d2dfb3a8d86172b84ba7a90f97001fecb008:10)
	at com.android.tools.r8.internal.nq0.a(R8_8.8.18_9b4b11a8a876a48ac24063637e04d2dfb3a8d86172b84ba7a90f97001fecb008:33)
	at com.android.tools.r8.internal.nq0.a(R8_8.8.18_9b4b11a8a876a48ac24063637e04d2dfb3a8d86172b84ba7a90f97001fecb008:25)
	at com.android.tools.r8.internal.nq0.a(R8_8.8.18_9b4b11a8a876a48ac24063637e04d2dfb3a8d86172b84ba7a90f97001fecb008:22)
	at com.android.tools.r8.K.a(R8_8.8.18_9b4b11a8a876a48ac24063637e04d2dfb3a8d86172b84ba7a90f97001fecb008:3)
	at com.android.tools.r8.kotlin.Z.a(R8_8.8.18_9b4b11a8a876a48ac24063637e04d2dfb3a8d86172b84ba7a90f97001fecb008:9)
	at com.android.tools.r8.D8.b(R8_8.8.18_9b4b11a8a876a48ac24063637e04d2dfb3a8d86172b84ba7a90f97001fecb008:17)
	at com.android.tools.r8.internal.Qq0.a(R8_8.8.18_9b4b11a8a876a48ac24063637e04d2dfb3a8d86172b84ba7a90f97001fecb008:57)
	at com.android.tools.r8.D8.a(R8_8.8.18_9b4b11a8a876a48ac24063637e04d2dfb3a8d86172b84ba7a90f97001fecb008:88)
	at com.android.tools.r8.D8.d(R8_8.8.18_9b4b11a8a876a48ac24063637e04d2dfb3a8d86172b84ba7a90f97001fecb008:137)
	at com.android.tools.r8.D8.b(R8_8.8.18_9b4b11a8a876a48ac24063637e04d2dfb3a8d86172b84ba7a90f97001fecb008:1)
	at com.android.tools.r8.internal.Fu.a(R8_8.8.18_9b4b11a8a876a48ac24063637e04d2dfb3a8d86172b84ba7a90f97001fecb008:28)
	at com.android.tools.r8.internal.Fu.b(R8_8.8.18_9b4b11a8a876a48ac24063637e04d2dfb3a8d86172b84ba7a90f97001fecb008:2)
	at com.android.tools.r8.D8.run(R8_8.8.18_9b4b11a8a876a48ac24063637e04d2dfb3a8d86172b84ba7a90f97001fecb008:11)
	at com.android.builder.dexing.D8DexArchiveBuilder.convert(D8DexArchiveBuilder.java:127)
	at com.android.build.gradle.internal.dexing.DexWorkActionKt.process(DexWorkAction.kt:178)
	at com.android.build.gradle.internal.dexing.DexWorkActionKt.processNonIncrementally(DexWorkAction.kt:146)
	at com.android.build.gradle.internal.dexing.DexWorkActionKt.launchProcessing(DexWorkAction.kt:73)
	at com.android.build.gradle.internal.dexing.DexWorkAction.run(DexWorkAction.kt:45)
	at com.android.build.gradle.internal.profile.ProfileAwareWorkAction.execute(ProfileAwareWorkAction.kt:74)
	at org.gradle.workers.internal.DefaultWorkerServer.execute(DefaultWorkerServer.java:63)
	at org.gradle.workers.internal.NoIsolationWorkerFactory$1$1.create(NoIsolationWorkerFactory.java:66)
	at org.gradle.workers.internal.NoIsolationWorkerFactory$1$1.create(NoIsolationWorkerFactory.java:62)
	at org.gradle.internal.classloader.ClassLoaderUtils.executeInClassloader(ClassLoaderUtils.java:100)
	at org.gradle.workers.internal.NoIsolationWorkerFactory$1.lambda$execute$0(NoIsolationWorkerFactory.java:62)
	at org.gradle.workers.internal.AbstractWorker$1.call(AbstractWorker.java:44)
	at org.gradle.workers.internal.AbstractWorker$1.call(AbstractWorker.java:41)
	at org.gradle.internal.operations.DefaultBuildOperationRunner$CallableBuildOperationWorker.execute(DefaultBuildOperationRunner.java:209)
	at org.gradle.internal.operations.DefaultBuildOperationRunner$CallableBuildOperationWorker.execute(DefaultBuildOperationRunner.java:204)
	at org.gradle.internal.operations.DefaultBuildOperationRunner$2.execute(DefaultBuildOperationRunner.java:66)
	at org.gradle.internal.operations.DefaultBuildOperationRunner$2.execute(DefaultBuildOperationRunner.java:59)
	at org.gradle.internal.operations.DefaultBuildOperationRunner.execute(DefaultBuildOperationRunner.java:166)
	at org.gradle.internal.operations.DefaultBuildOperationRunner.execute(DefaultBuildOperationRunner.java:59)
	at org.gradle.internal.operations.DefaultBuildOperationRunner.call(DefaultBuildOperationRunner.java:53)
	at org.gradle.workers.internal.AbstractWorker.executeWrappedInBuildOperation(AbstractWorker.java:41)
	at org.gradle.workers.internal.NoIsolationWorkerFactory$1.execute(NoIsolationWorkerFactory.java:59)
	at org.gradle.workers.internal.DefaultWorkerExecutor.lambda$submitWork$0(DefaultWorkerExecutor.java:174)
	at java.base/java.util.concurrent.FutureTask.run(FutureTask.java:317)
	at org.gradle.internal.work.DefaultConditionalExecutionQueue$ExecutionRunner.runExecution(DefaultConditionalExecutionQueue.java:194)
	at org.gradle.internal.work.DefaultConditionalExecutionQueue$ExecutionRunner.access$700(DefaultConditionalExecutionQueue.java:127)
	at org.gradle.internal.work.DefaultConditionalExecutionQueue$ExecutionRunner$1.run(DefaultConditionalExecutionQueue.java:169)
	at org.gradle.internal.Factories$1.create(Factories.java:31)
	at org.gradle.internal.work.DefaultWorkerLeaseService.withLocks(DefaultWorkerLeaseService.java:263)
	at org.gradle.internal.work.DefaultWorkerLeaseService.runAsWorkerThread(DefaultWorkerLeaseService.java:127)
	at org.gradle.internal.work.DefaultWorkerLeaseService.runAsWorkerThread(DefaultWorkerLeaseService.java:132)
	at org.gradle.internal.work.DefaultConditionalExecutionQueue$ExecutionRunner.runBatch(DefaultConditionalExecutionQueue.java:164)
	at org.gradle.internal.work.DefaultConditionalExecutionQueue$ExecutionRunner.run(DefaultConditionalExecutionQueue.java:133)
	at java.base/java.util.concurrent.Executors$RunnableAdapter.call(Executors.java:572)
	at java.base/java.util.concurrent.FutureTask.run(FutureTask.java:317)
	at org.gradle.internal.concurrent.ExecutorPolicy$CatchAndRecordFailures.onExecute(ExecutorPolicy.java:64)
	at org.gradle.internal.concurrent.AbstractManagedExecutor$1.run(AbstractManagedExecutor.java:48)
	at java.base/java.util.concurrent.ThreadPoolExecutor.runWorker(ThreadPoolExecutor.java:1144)
	at java.base/java.util.concurrent.ThreadPoolExecutor$Worker.run(ThreadPoolExecutor.java:642)
	at java.base/java.lang.Thread.run(Thread.java:1583)

WARNING: D8: An error occurred when parsing kotlin metadata. This normally happens when using a newer version of kotlin than the kotlin version released when this version of R8 was created. To find compatible kotlin versions, please see: https://developer.android.com/studio/build/kotlin-d8-r8-versions
WARNING: D8: Unexpected error during rewriting of Kotlin metadata for class 'com.sevtinge.hyperceiler.module.hook.home.recent.RealMemory':
com.android.tools.r8.internal.nu0: Should never be called
	at com.android.tools.r8.kotlin.a0.a(R8_8.8.18_9b4b11a8a876a48ac24063637e04d2dfb3a8d86172b84ba7a90f97001fecb008:2)
	at com.android.tools.r8.kotlin.Z.a(R8_8.8.18_9b4b11a8a876a48ac24063637e04d2dfb3a8d86172b84ba7a90f97001fecb008:185)
	at com.android.tools.r8.kotlin.Z.a(R8_8.8.18_9b4b11a8a876a48ac24063637e04d2dfb3a8d86172b84ba7a90f97001fecb008:184)
	at com.android.tools.r8.internal.nq0.a(R8_8.8.18_9b4b11a8a876a48ac24063637e04d2dfb3a8d86172b84ba7a90f97001fecb008:23)
	at com.android.tools.r8.internal.nq0.a(R8_8.8.18_9b4b11a8a876a48ac24063637e04d2dfb3a8d86172b84ba7a90f97001fecb008:34)
	at com.android.tools.r8.internal.nq0.a(R8_8.8.18_9b4b11a8a876a48ac24063637e04d2dfb3a8d86172b84ba7a90f97001fecb008:17)
	at com.google.common.util.concurrent.TrustedListenableFutureTask$TrustedFutureInterruptibleTask.runInterruptibly(TrustedListenableFutureTask.java:131)
	at com.google.common.util.concurrent.InterruptibleTask.run(InterruptibleTask.java:75)
	at com.google.common.util.concurrent.TrustedListenableFutureTask.run(TrustedListenableFutureTask.java:82)
	at com.google.common.util.concurrent.MoreExecutors$DirectExecutorService.execute(MoreExecutors.java:327)
	at java.base/java.util.concurrent.AbstractExecutorService.submit(AbstractExecutorService.java:145)
	at com.google.common.util.concurrent.AbstractListeningExecutorService.submit(AbstractListeningExecutorService.java:79)
	at com.google.common.util.concurrent.AbstractListeningExecutorService.submit(AbstractListeningExecutorService.java:37)
	at com.android.tools.r8.internal.oq0.submit(R8_8.8.18_9b4b11a8a876a48ac24063637e04d2dfb3a8d86172b84ba7a90f97001fecb008:1)
	at com.android.tools.r8.internal.aq0.a(R8_8.8.18_9b4b11a8a876a48ac24063637e04d2dfb3a8d86172b84ba7a90f97001fecb008:1)
	at com.android.tools.r8.internal.nq0.a(R8_8.8.18_9b4b11a8a876a48ac24063637e04d2dfb3a8d86172b84ba7a90f97001fecb008:19)
	at com.android.tools.r8.internal.sx.a(R8_8.8.18_9b4b11a8a876a48ac24063637e04d2dfb3a8d86172b84ba7a90f97001fecb008:3)
	at java.base/java.util.ArrayList.forEach(ArrayList.java:1596)
	at com.android.tools.r8.internal.sx.a(R8_8.8.18_9b4b11a8a876a48ac24063637e04d2dfb3a8d86172b84ba7a90f97001fecb008:2)
	at com.android.tools.r8.internal.nq0.a(R8_8.8.18_9b4b11a8a876a48ac24063637e04d2dfb3a8d86172b84ba7a90f97001fecb008:10)
	at com.android.tools.r8.internal.nq0.a(R8_8.8.18_9b4b11a8a876a48ac24063637e04d2dfb3a8d86172b84ba7a90f97001fecb008:33)
	at com.android.tools.r8.internal.nq0.a(R8_8.8.18_9b4b11a8a876a48ac24063637e04d2dfb3a8d86172b84ba7a90f97001fecb008:25)
	at com.android.tools.r8.internal.nq0.a(R8_8.8.18_9b4b11a8a876a48ac24063637e04d2dfb3a8d86172b84ba7a90f97001fecb008:22)
	at com.android.tools.r8.K.a(R8_8.8.18_9b4b11a8a876a48ac24063637e04d2dfb3a8d86172b84ba7a90f97001fecb008:3)
	at com.android.tools.r8.kotlin.Z.a(R8_8.8.18_9b4b11a8a876a48ac24063637e04d2dfb3a8d86172b84ba7a90f97001fecb008:9)
	at com.android.tools.r8.D8.b(R8_8.8.18_9b4b11a8a876a48ac24063637e04d2dfb3a8d86172b84ba7a90f97001fecb008:17)
	at com.android.tools.r8.internal.Qq0.a(R8_8.8.18_9b4b11a8a876a48ac24063637e04d2dfb3a8d86172b84ba7a90f97001fecb008:57)
	at com.android.tools.r8.D8.a(R8_8.8.18_9b4b11a8a876a48ac24063637e04d2dfb3a8d86172b84ba7a90f97001fecb008:88)
	at com.android.tools.r8.D8.d(R8_8.8.18_9b4b11a8a876a48ac24063637e04d2dfb3a8d86172b84ba7a90f97001fecb008:137)
	at com.android.tools.r8.D8.b(R8_8.8.18_9b4b11a8a876a48ac24063637e04d2dfb3a8d86172b84ba7a90f97001fecb008:1)
	at com.android.tools.r8.internal.Fu.a(R8_8.8.18_9b4b11a8a876a48ac24063637e04d2dfb3a8d86172b84ba7a90f97001fecb008:28)
	at com.android.tools.r8.internal.Fu.b(R8_8.8.18_9b4b11a8a876a48ac24063637e04d2dfb3a8d86172b84ba7a90f97001fecb008:2)
	at com.android.tools.r8.D8.run(R8_8.8.18_9b4b11a8a876a48ac24063637e04d2dfb3a8d86172b84ba7a90f97001fecb008:11)
	at com.android.builder.dexing.D8DexArchiveBuilder.convert(D8DexArchiveBuilder.java:127)
	at com.android.build.gradle.internal.dexing.DexWorkActionKt.process(DexWorkAction.kt:178)
	at com.android.build.gradle.internal.dexing.DexWorkActionKt.processNonIncrementally(DexWorkAction.kt:146)
	at com.android.build.gradle.internal.dexing.DexWorkActionKt.launchProcessing(DexWorkAction.kt:73)
	at com.android.build.gradle.internal.dexing.DexWorkAction.run(DexWorkAction.kt:45)
	at com.android.build.gradle.internal.profile.ProfileAwareWorkAction.execute(ProfileAwareWorkAction.kt:74)
	at org.gradle.workers.internal.DefaultWorkerServer.execute(DefaultWorkerServer.java:63)
	at org.gradle.workers.internal.NoIsolationWorkerFactory$1$1.create(NoIsolationWorkerFactory.java:66)
	at org.gradle.workers.internal.NoIsolationWorkerFactory$1$1.create(NoIsolationWorkerFactory.java:62)
	at org.gradle.internal.classloader.ClassLoaderUtils.executeInClassloader(ClassLoaderUtils.java:100)
	at org.gradle.workers.internal.NoIsolationWorkerFactory$1.lambda$execute$0(NoIsolationWorkerFactory.java:62)
	at org.gradle.workers.internal.AbstractWorker$1.call(AbstractWorker.java:44)
	at org.gradle.workers.internal.AbstractWorker$1.call(AbstractWorker.java:41)
	at org.gradle.internal.operations.DefaultBuildOperationRunner$CallableBuildOperationWorker.execute(DefaultBuildOperationRunner.java:209)
	at org.gradle.internal.operations.DefaultBuildOperationRunner$CallableBuildOperationWorker.execute(DefaultBuildOperationRunner.java:204)
	at org.gradle.internal.operations.DefaultBuildOperationRunner$2.execute(DefaultBuildOperationRunner.java:66)
	at org.gradle.internal.operations.DefaultBuildOperationRunner$2.execute(DefaultBuildOperationRunner.java:59)
	at org.gradle.internal.operations.DefaultBuildOperationRunner.execute(DefaultBuildOperationRunner.java:166)
	at org.gradle.internal.operations.DefaultBuildOperationRunner.execute(DefaultBuildOperationRunner.java:59)
	at org.gradle.internal.operations.DefaultBuildOperationRunner.call(DefaultBuildOperationRunner.java:53)
	at org.gradle.workers.internal.AbstractWorker.executeWrappedInBuildOperation(AbstractWorker.java:41)
	at org.gradle.workers.internal.NoIsolationWorkerFactory$1.execute(NoIsolationWorkerFactory.java:59)
	at org.gradle.workers.internal.DefaultWorkerExecutor.lambda$submitWork$0(DefaultWorkerExecutor.java:174)
	at java.base/java.util.concurrent.FutureTask.run(FutureTask.java:317)
	at org.gradle.internal.work.DefaultConditionalExecutionQueue$ExecutionRunner.runExecution(DefaultConditionalExecutionQueue.java:194)
	at org.gradle.internal.work.DefaultConditionalExecutionQueue$ExecutionRunner.access$700(DefaultConditionalExecutionQueue.java:127)
	at org.gradle.internal.work.DefaultConditionalExecutionQueue$ExecutionRunner$1.run(DefaultConditionalExecutionQueue.java:169)
	at org.gradle.internal.Factories$1.create(Factories.java:31)
	at org.gradle.internal.work.DefaultWorkerLeaseService.withLocks(DefaultWorkerLeaseService.java:263)
	at org.gradle.internal.work.DefaultWorkerLeaseService.runAsWorkerThread(DefaultWorkerLeaseService.java:127)
	at org.gradle.internal.work.DefaultWorkerLeaseService.runAsWorkerThread(DefaultWorkerLeaseService.java:132)
	at org.gradle.internal.work.DefaultConditionalExecutionQueue$ExecutionRunner.runBatch(DefaultConditionalExecutionQueue.java:164)
	at org.gradle.internal.work.DefaultConditionalExecutionQueue$ExecutionRunner.run(DefaultConditionalExecutionQueue.java:133)
	at java.base/java.util.concurrent.Executors$RunnableAdapter.call(Executors.java:572)
	at java.base/java.util.concurrent.FutureTask.run(FutureTask.java:317)
	at org.gradle.internal.concurrent.ExecutorPolicy$CatchAndRecordFailures.onExecute(ExecutorPolicy.java:64)
	at org.gradle.internal.concurrent.AbstractManagedExecutor$1.run(AbstractManagedExecutor.java:48)
	at java.base/java.util.concurrent.ThreadPoolExecutor.runWorker(ThreadPoolExecutor.java:1144)
	at java.base/java.util.concurrent.ThreadPoolExecutor$Worker.run(ThreadPoolExecutor.java:642)
	at java.base/java.lang.Thread.run(Thread.java:1583)

WARNING: D8: An error occurred when parsing kotlin metadata. This normally happens when using a newer version of kotlin than the kotlin version released when this version of R8 was created. To find compatible kotlin versions, please see: https://developer.android.com/studio/build/kotlin-d8-r8-versions
WARNING: D8: Unexpected error during rewriting of Kotlin metadata for class 'com.sevtinge.hyperceiler.module.hook.systemui.controlcenter.QSControlDetailBackgroundAlpha$init$2':
com.android.tools.r8.internal.nu0: Should never be called
	at com.android.tools.r8.kotlin.a0.a(R8_8.8.18_9b4b11a8a876a48ac24063637e04d2dfb3a8d86172b84ba7a90f97001fecb008:2)
	at com.android.tools.r8.kotlin.Z.a(R8_8.8.18_9b4b11a8a876a48ac24063637e04d2dfb3a8d86172b84ba7a90f97001fecb008:185)
	at com.android.tools.r8.kotlin.Z.a(R8_8.8.18_9b4b11a8a876a48ac24063637e04d2dfb3a8d86172b84ba7a90f97001fecb008:184)
	at com.android.tools.r8.internal.nq0.a(R8_8.8.18_9b4b11a8a876a48ac24063637e04d2dfb3a8d86172b84ba7a90f97001fecb008:23)
	at com.android.tools.r8.internal.nq0.a(R8_8.8.18_9b4b11a8a876a48ac24063637e04d2dfb3a8d86172b84ba7a90f97001fecb008:34)
	at com.android.tools.r8.internal.nq0.a(R8_8.8.18_9b4b11a8a876a48ac24063637e04d2dfb3a8d86172b84ba7a90f97001fecb008:17)
	at com.google.common.util.concurrent.TrustedListenableFutureTask$TrustedFutureInterruptibleTask.runInterruptibly(TrustedListenableFutureTask.java:131)
	at com.google.common.util.concurrent.InterruptibleTask.run(InterruptibleTask.java:75)
	at com.google.common.util.concurrent.TrustedListenableFutureTask.run(TrustedListenableFutureTask.java:82)
	at com.google.common.util.concurrent.MoreExecutors$DirectExecutorService.execute(MoreExecutors.java:327)
	at java.base/java.util.concurrent.AbstractExecutorService.submit(AbstractExecutorService.java:145)
	at com.google.common.util.concurrent.AbstractListeningExecutorService.submit(AbstractListeningExecutorService.java:79)
	at com.google.common.util.concurrent.AbstractListeningExecutorService.submit(AbstractListeningExecutorService.java:37)
	at com.android.tools.r8.internal.oq0.submit(R8_8.8.18_9b4b11a8a876a48ac24063637e04d2dfb3a8d86172b84ba7a90f97001fecb008:1)
	at com.android.tools.r8.internal.aq0.a(R8_8.8.18_9b4b11a8a876a48ac24063637e04d2dfb3a8d86172b84ba7a90f97001fecb008:1)
	at com.android.tools.r8.internal.nq0.a(R8_8.8.18_9b4b11a8a876a48ac24063637e04d2dfb3a8d86172b84ba7a90f97001fecb008:19)
	at com.android.tools.r8.internal.sx.a(R8_8.8.18_9b4b11a8a876a48ac24063637e04d2dfb3a8d86172b84ba7a90f97001fecb008:3)
	at java.base/java.util.ArrayList.forEach(ArrayList.java:1596)
	at com.android.tools.r8.internal.sx.a(R8_8.8.18_9b4b11a8a876a48ac24063637e04d2dfb3a8d86172b84ba7a90f97001fecb008:2)
	at com.android.tools.r8.internal.nq0.a(R8_8.8.18_9b4b11a8a876a48ac24063637e04d2dfb3a8d86172b84ba7a90f97001fecb008:10)
	at com.android.tools.r8.internal.nq0.a(R8_8.8.18_9b4b11a8a876a48ac24063637e04d2dfb3a8d86172b84ba7a90f97001fecb008:33)
	at com.android.tools.r8.internal.nq0.a(R8_8.8.18_9b4b11a8a876a48ac24063637e04d2dfb3a8d86172b84ba7a90f97001fecb008:25)
	at com.android.tools.r8.internal.nq0.a(R8_8.8.18_9b4b11a8a876a48ac24063637e04d2dfb3a8d86172b84ba7a90f97001fecb008:22)
	at com.android.tools.r8.K.a(R8_8.8.18_9b4b11a8a876a48ac24063637e04d2dfb3a8d86172b84ba7a90f97001fecb008:3)
	at com.android.tools.r8.kotlin.Z.a(R8_8.8.18_9b4b11a8a876a48ac24063637e04d2dfb3a8d86172b84ba7a90f97001fecb008:9)
	at com.android.tools.r8.D8.b(R8_8.8.18_9b4b11a8a876a48ac24063637e04d2dfb3a8d86172b84ba7a90f97001fecb008:17)
	at com.android.tools.r8.internal.Qq0.a(R8_8.8.18_9b4b11a8a876a48ac24063637e04d2dfb3a8d86172b84ba7a90f97001fecb008:57)
	at com.android.tools.r8.D8.a(R8_8.8.18_9b4b11a8a876a48ac24063637e04d2dfb3a8d86172b84ba7a90f97001fecb008:88)
	at com.android.tools.r8.D8.d(R8_8.8.18_9b4b11a8a876a48ac24063637e04d2dfb3a8d86172b84ba7a90f97001fecb008:137)
	at com.android.tools.r8.D8.b(R8_8.8.18_9b4b11a8a876a48ac24063637e04d2dfb3a8d86172b84ba7a90f97001fecb008:1)
	at com.android.tools.r8.internal.Fu.a(R8_8.8.18_9b4b11a8a876a48ac24063637e04d2dfb3a8d86172b84ba7a90f97001fecb008:28)
	at com.android.tools.r8.internal.Fu.b(R8_8.8.18_9b4b11a8a876a48ac24063637e04d2dfb3a8d86172b84ba7a90f97001fecb008:2)
	at com.android.tools.r8.D8.run(R8_8.8.18_9b4b11a8a876a48ac24063637e04d2dfb3a8d86172b84ba7a90f97001fecb008:11)
	at com.android.builder.dexing.D8DexArchiveBuilder.convert(D8DexArchiveBuilder.java:127)
	at com.android.build.gradle.internal.dexing.DexWorkActionKt.process(DexWorkAction.kt:178)
	at com.android.build.gradle.internal.dexing.DexWorkActionKt.processNonIncrementally(DexWorkAction.kt:146)
	at com.android.build.gradle.internal.dexing.DexWorkActionKt.launchProcessing(DexWorkAction.kt:73)
	at com.android.build.gradle.internal.dexing.DexWorkAction.run(DexWorkAction.kt:45)
	at com.android.build.gradle.internal.profile.ProfileAwareWorkAction.execute(ProfileAwareWorkAction.kt:74)
	at org.gradle.workers.internal.DefaultWorkerServer.execute(DefaultWorkerServer.java:63)
	at org.gradle.workers.internal.NoIsolationWorkerFactory$1$1.create(NoIsolationWorkerFactory.java:66)
	at org.gradle.workers.internal.NoIsolationWorkerFactory$1$1.create(NoIsolationWorkerFactory.java:62)
	at org.gradle.internal.classloader.ClassLoaderUtils.executeInClassloader(ClassLoaderUtils.java:100)
	at org.gradle.workers.internal.NoIsolationWorkerFactory$1.lambda$execute$0(NoIsolationWorkerFactory.java:62)
	at org.gradle.workers.internal.AbstractWorker$1.call(AbstractWorker.java:44)
	at org.gradle.workers.internal.AbstractWorker$1.call(AbstractWorker.java:41)
	at org.gradle.internal.operations.DefaultBuildOperationRunner$CallableBuildOperationWorker.execute(DefaultBuildOperationRunner.java:209)
	at org.gradle.internal.operations.DefaultBuildOperationRunner$CallableBuildOperationWorker.execute(DefaultBuildOperationRunner.java:204)
	at org.gradle.internal.operations.DefaultBuildOperationRunner$2.execute(DefaultBuildOperationRunner.java:66)
	at org.gradle.internal.operations.DefaultBuildOperationRunner$2.execute(DefaultBuildOperationRunner.java:59)
	at org.gradle.internal.operations.DefaultBuildOperationRunner.execute(DefaultBuildOperationRunner.java:166)
	at org.gradle.internal.operations.DefaultBuildOperationRunner.execute(DefaultBuildOperationRunner.java:59)
	at org.gradle.internal.operations.DefaultBuildOperationRunner.call(DefaultBuildOperationRunner.java:53)
	at org.gradle.workers.internal.AbstractWorker.executeWrappedInBuildOperation(AbstractWorker.java:41)
	at org.gradle.workers.internal.NoIsolationWorkerFactory$1.execute(NoIsolationWorkerFactory.java:59)
	at org.gradle.workers.internal.DefaultWorkerExecutor.lambda$submitWork$0(DefaultWorkerExecutor.java:174)
	at java.base/java.util.concurrent.FutureTask.run(FutureTask.java:317)
	at org.gradle.internal.work.DefaultConditionalExecutionQueue$ExecutionRunner.runExecution(DefaultConditionalExecutionQueue.java:194)
	at org.gradle.internal.work.DefaultConditionalExecutionQueue$ExecutionRunner.access$700(DefaultConditionalExecutionQueue.java:127)
	at org.gradle.internal.work.DefaultConditionalExecutionQueue$ExecutionRunner$1.run(DefaultConditionalExecutionQueue.java:169)
	at org.gradle.internal.Factories$1.create(Factories.java:31)
	at org.gradle.internal.work.DefaultWorkerLeaseService.withLocks(DefaultWorkerLeaseService.java:263)
	at org.gradle.internal.work.DefaultWorkerLeaseService.runAsWorkerThread(DefaultWorkerLeaseService.java:127)
	at org.gradle.internal.work.DefaultWorkerLeaseService.runAsWorkerThread(DefaultWorkerLeaseService.java:132)
	at org.gradle.internal.work.DefaultConditionalExecutionQueue$ExecutionRunner.runBatch(DefaultConditionalExecutionQueue.java:164)
	at org.gradle.internal.work.DefaultConditionalExecutionQueue$ExecutionRunner.run(DefaultConditionalExecutionQueue.java:133)
	at java.base/java.util.concurrent.Executors$RunnableAdapter.call(Executors.java:572)
	at java.base/java.util.concurrent.FutureTask.run(FutureTask.java:317)
	at org.gradle.internal.concurrent.ExecutorPolicy$CatchAndRecordFailures.onExecute(ExecutorPolicy.java:64)
	at org.gradle.internal.concurrent.AbstractManagedExecutor$1.run(AbstractManagedExecutor.java:48)
	at java.base/java.util.concurrent.ThreadPoolExecutor.runWorker(ThreadPoolExecutor.java:1144)
	at java.base/java.util.concurrent.ThreadPoolExecutor$Worker.run(ThreadPoolExecutor.java:642)
	at java.base/java.lang.Thread.run(Thread.java:1583)

WARNING: D8: An error occurred when parsing kotlin metadata. This normally happens when using a newer version of kotlin than the kotlin version released when this version of R8 was created. To find compatible kotlin versions, please see: https://developer.android.com/studio/build/kotlin-d8-r8-versions
WARNING: D8: Unexpected error during rewriting of Kotlin metadata for class 'com.sevtinge.hyperceiler.module.hook.home.recent.BlurLevel':
com.android.tools.r8.internal.nu0: Should never be called
	at com.android.tools.r8.kotlin.a0.a(R8_8.8.18_9b4b11a8a876a48ac24063637e04d2dfb3a8d86172b84ba7a90f97001fecb008:2)
	at com.android.tools.r8.kotlin.Z.a(R8_8.8.18_9b4b11a8a876a48ac24063637e04d2dfb3a8d86172b84ba7a90f97001fecb008:185)
	at com.android.tools.r8.kotlin.Z.a(R8_8.8.18_9b4b11a8a876a48ac24063637e04d2dfb3a8d86172b84ba7a90f97001fecb008:184)
	at com.android.tools.r8.internal.nq0.a(R8_8.8.18_9b4b11a8a876a48ac24063637e04d2dfb3a8d86172b84ba7a90f97001fecb008:23)
	at com.android.tools.r8.internal.nq0.a(R8_8.8.18_9b4b11a8a876a48ac24063637e04d2dfb3a8d86172b84ba7a90f97001fecb008:34)
	at com.android.tools.r8.internal.nq0.a(R8_8.8.18_9b4b11a8a876a48ac24063637e04d2dfb3a8d86172b84ba7a90f97001fecb008:17)
	at com.google.common.util.concurrent.TrustedListenableFutureTask$TrustedFutureInterruptibleTask.runInterruptibly(TrustedListenableFutureTask.java:131)
	at com.google.common.util.concurrent.InterruptibleTask.run(InterruptibleTask.java:75)
	at com.google.common.util.concurrent.TrustedListenableFutureTask.run(TrustedListenableFutureTask.java:82)
	at com.google.common.util.concurrent.MoreExecutors$DirectExecutorService.execute(MoreExecutors.java:327)
	at java.base/java.util.concurrent.AbstractExecutorService.submit(AbstractExecutorService.java:145)
	at com.google.common.util.concurrent.AbstractListeningExecutorService.submit(AbstractListeningExecutorService.java:79)
	at com.google.common.util.concurrent.AbstractListeningExecutorService.submit(AbstractListeningExecutorService.java:37)
	at com.android.tools.r8.internal.oq0.submit(R8_8.8.18_9b4b11a8a876a48ac24063637e04d2dfb3a8d86172b84ba7a90f97001fecb008:1)
	at com.android.tools.r8.internal.aq0.a(R8_8.8.18_9b4b11a8a876a48ac24063637e04d2dfb3a8d86172b84ba7a90f97001fecb008:1)
	at com.android.tools.r8.internal.nq0.a(R8_8.8.18_9b4b11a8a876a48ac24063637e04d2dfb3a8d86172b84ba7a90f97001fecb008:19)
	at com.android.tools.r8.internal.sx.a(R8_8.8.18_9b4b11a8a876a48ac24063637e04d2dfb3a8d86172b84ba7a90f97001fecb008:3)
	at java.base/java.util.ArrayList.forEach(ArrayList.java:1596)
	at com.android.tools.r8.internal.sx.a(R8_8.8.18_9b4b11a8a876a48ac24063637e04d2dfb3a8d86172b84ba7a90f97001fecb008:2)
	at com.android.tools.r8.internal.nq0.a(R8_8.8.18_9b4b11a8a876a48ac24063637e04d2dfb3a8d86172b84ba7a90f97001fecb008:10)
	at com.android.tools.r8.internal.nq0.a(R8_8.8.18_9b4b11a8a876a48ac24063637e04d2dfb3a8d86172b84ba7a90f97001fecb008:33)
	at com.android.tools.r8.internal.nq0.a(R8_8.8.18_9b4b11a8a876a48ac24063637e04d2dfb3a8d86172b84ba7a90f97001fecb008:25)
	at com.android.tools.r8.internal.nq0.a(R8_8.8.18_9b4b11a8a876a48ac24063637e04d2dfb3a8d86172b84ba7a90f97001fecb008:22)
	at com.android.tools.r8.K.a(R8_8.8.18_9b4b11a8a876a48ac24063637e04d2dfb3a8d86172b84ba7a90f97001fecb008:3)
	at com.android.tools.r8.kotlin.Z.a(R8_8.8.18_9b4b11a8a876a48ac24063637e04d2dfb3a8d86172b84ba7a90f97001fecb008:9)
	at com.android.tools.r8.D8.b(R8_8.8.18_9b4b11a8a876a48ac24063637e04d2dfb3a8d86172b84ba7a90f97001fecb008:17)
	at com.android.tools.r8.internal.Qq0.a(R8_8.8.18_9b4b11a8a876a48ac24063637e04d2dfb3a8d86172b84ba7a90f97001fecb008:57)
	at com.android.tools.r8.D8.a(R8_8.8.18_9b4b11a8a876a48ac24063637e04d2dfb3a8d86172b84ba7a90f97001fecb008:88)
	at com.android.tools.r8.D8.d(R8_8.8.18_9b4b11a8a876a48ac24063637e04d2dfb3a8d86172b84ba7a90f97001fecb008:137)
	at com.android.tools.r8.D8.b(R8_8.8.18_9b4b11a8a876a48ac24063637e04d2dfb3a8d86172b84ba7a90f97001fecb008:1)
	at com.android.tools.r8.internal.Fu.a(R8_8.8.18_9b4b11a8a876a48ac24063637e04d2dfb3a8d86172b84ba7a90f97001fecb008:28)
	at com.android.tools.r8.internal.Fu.b(R8_8.8.18_9b4b11a8a876a48ac24063637e04d2dfb3a8d86172b84ba7a90f97001fecb008:2)
	at com.android.tools.r8.D8.run(R8_8.8.18_9b4b11a8a876a48ac24063637e04d2dfb3a8d86172b84ba7a90f97001fecb008:11)
	at com.android.builder.dexing.D8DexArchiveBuilder.convert(D8DexArchiveBuilder.java:127)
	at com.android.build.gradle.internal.dexing.DexWorkActionKt.process(DexWorkAction.kt:178)
	at com.android.build.gradle.internal.dexing.DexWorkActionKt.processNonIncrementally(DexWorkAction.kt:146)
	at com.android.build.gradle.internal.dexing.DexWorkActionKt.launchProcessing(DexWorkAction.kt:73)
	at com.android.build.gradle.internal.dexing.DexWorkAction.run(DexWorkAction.kt:45)
	at com.android.build.gradle.internal.profile.ProfileAwareWorkAction.execute(ProfileAwareWorkAction.kt:74)
	at org.gradle.workers.internal.DefaultWorkerServer.execute(DefaultWorkerServer.java:63)
	at org.gradle.workers.internal.NoIsolationWorkerFactory$1$1.create(NoIsolationWorkerFactory.java:66)
	at org.gradle.workers.internal.NoIsolationWorkerFactory$1$1.create(NoIsolationWorkerFactory.java:62)
	at org.gradle.internal.classloader.ClassLoaderUtils.executeInClassloader(ClassLoaderUtils.java:100)
	at org.gradle.workers.internal.NoIsolationWorkerFactory$1.lambda$execute$0(NoIsolationWorkerFactory.java:62)
	at org.gradle.workers.internal.AbstractWorker$1.call(AbstractWorker.java:44)
	at org.gradle.workers.internal.AbstractWorker$1.call(AbstractWorker.java:41)
	at org.gradle.internal.operations.DefaultBuildOperationRunner$CallableBuildOperationWorker.execute(DefaultBuildOperationRunner.java:209)
	at org.gradle.internal.operations.DefaultBuildOperationRunner$CallableBuildOperationWorker.execute(DefaultBuildOperationRunner.java:204)
	at org.gradle.internal.operations.DefaultBuildOperationRunner$2.execute(DefaultBuildOperationRunner.java:66)
	at org.gradle.internal.operations.DefaultBuildOperationRunner$2.execute(DefaultBuildOperationRunner.java:59)
	at org.gradle.internal.operations.DefaultBuildOperationRunner.execute(DefaultBuildOperationRunner.java:166)
	at org.gradle.internal.operations.DefaultBuildOperationRunner.execute(DefaultBuildOperationRunner.java:59)
	at org.gradle.internal.operations.DefaultBuildOperationRunner.call(DefaultBuildOperationRunner.java:53)
	at org.gradle.workers.internal.AbstractWorker.executeWrappedInBuildOperation(AbstractWorker.java:41)
	at org.gradle.workers.internal.NoIsolationWorkerFactory$1.execute(NoIsolationWorkerFactory.java:59)
	at org.gradle.workers.internal.DefaultWorkerExecutor.lambda$submitWork$0(DefaultWorkerExecutor.java:174)
	at java.base/java.util.concurrent.FutureTask.run(FutureTask.java:317)
	at org.gradle.internal.work.DefaultConditionalExecutionQueue$ExecutionRunner.runExecution(DefaultConditionalExecutionQueue.java:194)
	at org.gradle.internal.work.DefaultConditionalExecutionQueue$ExecutionRunner.access$700(DefaultConditionalExecutionQueue.java:127)
	at org.gradle.internal.work.DefaultConditionalExecutionQueue$ExecutionRunner$1.run(DefaultConditionalExecutionQueue.java:169)
	at org.gradle.internal.Factories$1.create(Factories.java:31)
	at org.gradle.internal.work.DefaultWorkerLeaseService.withLocks(DefaultWorkerLeaseService.java:263)
	at org.gradle.internal.work.DefaultWorkerLeaseService.runAsWorkerThread(DefaultWorkerLeaseService.java:127)
	at org.gradle.internal.work.DefaultWorkerLeaseService.runAsWorkerThread(DefaultWorkerLeaseService.java:132)
	at org.gradle.internal.work.DefaultConditionalExecutionQueue$ExecutionRunner.runBatch(DefaultConditionalExecutionQueue.java:164)
	at org.gradle.internal.work.DefaultConditionalExecutionQueue$ExecutionRunner.run(DefaultConditionalExecutionQueue.java:133)
	at java.base/java.util.concurrent.Executors$RunnableAdapter.call(Executors.java:572)
	at java.base/java.util.concurrent.FutureTask.run(FutureTask.java:317)
	at org.gradle.internal.concurrent.ExecutorPolicy$CatchAndRecordFailures.onExecute(ExecutorPolicy.java:64)
	at org.gradle.internal.concurrent.AbstractManagedExecutor$1.run(AbstractManagedExecutor.java:48)
	at java.base/java.util.concurrent.ThreadPoolExecutor.runWorker(ThreadPoolExecutor.java:1144)
	at java.base/java.util.concurrent.ThreadPoolExecutor$Worker.run(ThreadPoolExecutor.java:642)
	at java.base/java.lang.Thread.run(Thread.java:1583)

WARNING: D8: An error occurred when parsing kotlin metadata. This normally happens when using a newer version of kotlin than the kotlin version released when this version of R8 was created. To find compatible kotlin versions, please see: https://developer.android.com/studio/build/kotlin-d8-r8-versions
WARNING: D8: Unexpected error during rewriting of Kotlin metadata for class 'com.sevtinge.hyperceiler.utils.KotlinXposedHelperKt$hookAfterMethod$1':
com.android.tools.r8.internal.nu0: Should never be called
	at com.android.tools.r8.kotlin.a0.a(R8_8.8.18_9b4b11a8a876a48ac24063637e04d2dfb3a8d86172b84ba7a90f97001fecb008:2)
	at com.android.tools.r8.kotlin.Z.a(R8_8.8.18_9b4b11a8a876a48ac24063637e04d2dfb3a8d86172b84ba7a90f97001fecb008:185)
	at com.android.tools.r8.kotlin.Z.a(R8_8.8.18_9b4b11a8a876a48ac24063637e04d2dfb3a8d86172b84ba7a90f97001fecb008:184)
	at com.android.tools.r8.internal.nq0.a(R8_8.8.18_9b4b11a8a876a48ac24063637e04d2dfb3a8d86172b84ba7a90f97001fecb008:23)
	at com.android.tools.r8.internal.nq0.a(R8_8.8.18_9b4b11a8a876a48ac24063637e04d2dfb3a8d86172b84ba7a90f97001fecb008:34)
	at com.android.tools.r8.internal.nq0.a(R8_8.8.18_9b4b11a8a876a48ac24063637e04d2dfb3a8d86172b84ba7a90f97001fecb008:17)
	at com.google.common.util.concurrent.TrustedListenableFutureTask$TrustedFutureInterruptibleTask.runInterruptibly(TrustedListenableFutureTask.java:131)
	at com.google.common.util.concurrent.InterruptibleTask.run(InterruptibleTask.java:75)
	at com.google.common.util.concurrent.TrustedListenableFutureTask.run(TrustedListenableFutureTask.java:82)
	at com.google.common.util.concurrent.MoreExecutors$DirectExecutorService.execute(MoreExecutors.java:327)
	at java.base/java.util.concurrent.AbstractExecutorService.submit(AbstractExecutorService.java:145)
	at com.google.common.util.concurrent.AbstractListeningExecutorService.submit(AbstractListeningExecutorService.java:79)
	at com.google.common.util.concurrent.AbstractListeningExecutorService.submit(AbstractListeningExecutorService.java:37)
	at com.android.tools.r8.internal.oq0.submit(R8_8.8.18_9b4b11a8a876a48ac24063637e04d2dfb3a8d86172b84ba7a90f97001fecb008:1)
	at com.android.tools.r8.internal.aq0.a(R8_8.8.18_9b4b11a8a876a48ac24063637e04d2dfb3a8d86172b84ba7a90f97001fecb008:1)
	at com.android.tools.r8.internal.nq0.a(R8_8.8.18_9b4b11a8a876a48ac24063637e04d2dfb3a8d86172b84ba7a90f97001fecb008:19)
	at com.android.tools.r8.internal.sx.a(R8_8.8.18_9b4b11a8a876a48ac24063637e04d2dfb3a8d86172b84ba7a90f97001fecb008:3)
	at java.base/java.util.ArrayList.forEach(ArrayList.java:1596)
	at com.android.tools.r8.internal.sx.a(R8_8.8.18_9b4b11a8a876a48ac24063637e04d2dfb3a8d86172b84ba7a90f97001fecb008:2)
	at com.android.tools.r8.internal.nq0.a(R8_8.8.18_9b4b11a8a876a48ac24063637e04d2dfb3a8d86172b84ba7a90f97001fecb008:10)
	at com.android.tools.r8.internal.nq0.a(R8_8.8.18_9b4b11a8a876a48ac24063637e04d2dfb3a8d86172b84ba7a90f97001fecb008:33)
	at com.android.tools.r8.internal.nq0.a(R8_8.8.18_9b4b11a8a876a48ac24063637e04d2dfb3a8d86172b84ba7a90f97001fecb008:25)
	at com.android.tools.r8.internal.nq0.a(R8_8.8.18_9b4b11a8a876a48ac24063637e04d2dfb3a8d86172b84ba7a90f97001fecb008:22)
	at com.android.tools.r8.K.a(R8_8.8.18_9b4b11a8a876a48ac24063637e04d2dfb3a8d86172b84ba7a90f97001fecb008:3)
	at com.android.tools.r8.kotlin.Z.a(R8_8.8.18_9b4b11a8a876a48ac24063637e04d2dfb3a8d86172b84ba7a90f97001fecb008:9)
	at com.android.tools.r8.D8.b(R8_8.8.18_9b4b11a8a876a48ac24063637e04d2dfb3a8d86172b84ba7a90f97001fecb008:17)
	at com.android.tools.r8.internal.Qq0.a(R8_8.8.18_9b4b11a8a876a48ac24063637e04d2dfb3a8d86172b84ba7a90f97001fecb008:57)
	at com.android.tools.r8.D8.a(R8_8.8.18_9b4b11a8a876a48ac24063637e04d2dfb3a8d86172b84ba7a90f97001fecb008:88)
	at com.android.tools.r8.D8.d(R8_8.8.18_9b4b11a8a876a48ac24063637e04d2dfb3a8d86172b84ba7a90f97001fecb008:137)
	at com.android.tools.r8.D8.b(R8_8.8.18_9b4b11a8a876a48ac24063637e04d2dfb3a8d86172b84ba7a90f97001fecb008:1)
	at com.android.tools.r8.internal.Fu.a(R8_8.8.18_9b4b11a8a876a48ac24063637e04d2dfb3a8d86172b84ba7a90f97001fecb008:28)
	at com.android.tools.r8.internal.Fu.b(R8_8.8.18_9b4b11a8a876a48ac24063637e04d2dfb3a8d86172b84ba7a90f97001fecb008:2)
	at com.android.tools.r8.D8.run(R8_8.8.18_9b4b11a8a876a48ac24063637e04d2dfb3a8d86172b84ba7a90f97001fecb008:11)
	at com.android.builder.dexing.D8DexArchiveBuilder.convert(D8DexArchiveBuilder.java:127)
	at com.android.build.gradle.internal.dexing.DexWorkActionKt.process(DexWorkAction.kt:178)
	at com.android.build.gradle.internal.dexing.DexWorkActionKt.processNonIncrementally(DexWorkAction.kt:146)
	at com.android.build.gradle.internal.dexing.DexWorkActionKt.launchProcessing(DexWorkAction.kt:73)
	at com.android.build.gradle.internal.dexing.DexWorkAction.run(DexWorkAction.kt:45)
	at com.android.build.gradle.internal.profile.ProfileAwareWorkAction.execute(ProfileAwareWorkAction.kt:74)
	at org.gradle.workers.internal.DefaultWorkerServer.execute(DefaultWorkerServer.java:63)
	at org.gradle.workers.internal.NoIsolationWorkerFactory$1$1.create(NoIsolationWorkerFactory.java:66)
	at org.gradle.workers.internal.NoIsolationWorkerFactory$1$1.create(NoIsolationWorkerFactory.java:62)
	at org.gradle.internal.classloader.ClassLoaderUtils.executeInClassloader(ClassLoaderUtils.java:100)
	at org.gradle.workers.internal.NoIsolationWorkerFactory$1.lambda$execute$0(NoIsolationWorkerFactory.java:62)
	at org.gradle.workers.internal.AbstractWorker$1.call(AbstractWorker.java:44)
	at org.gradle.workers.internal.AbstractWorker$1.call(AbstractWorker.java:41)
	at org.gradle.internal.operations.DefaultBuildOperationRunner$CallableBuildOperationWorker.execute(DefaultBuildOperationRunner.java:209)
	at org.gradle.internal.operations.DefaultBuildOperationRunner$CallableBuildOperationWorker.execute(DefaultBuildOperationRunner.java:204)
	at org.gradle.internal.operations.DefaultBuildOperationRunner$2.execute(DefaultBuildOperationRunner.java:66)
	at org.gradle.internal.operations.DefaultBuildOperationRunner$2.execute(DefaultBuildOperationRunner.java:59)
	at org.gradle.internal.operations.DefaultBuildOperationRunner.execute(DefaultBuildOperationRunner.java:166)
	at org.gradle.internal.operations.DefaultBuildOperationRunner.execute(DefaultBuildOperationRunner.java:59)
	at org.gradle.internal.operations.DefaultBuildOperationRunner.call(DefaultBuildOperationRunner.java:53)
	at org.gradle.workers.internal.AbstractWorker.executeWrappedInBuildOperation(AbstractWorker.java:41)
	at org.gradle.workers.internal.NoIsolationWorkerFactory$1.execute(NoIsolationWorkerFactory.java:59)
	at org.gradle.workers.internal.DefaultWorkerExecutor.lambda$submitWork$0(DefaultWorkerExecutor.java:174)
	at java.base/java.util.concurrent.FutureTask.run(FutureTask.java:317)
	at org.gradle.internal.work.DefaultConditionalExecutionQueue$ExecutionRunner.runExecution(DefaultConditionalExecutionQueue.java:194)
	at org.gradle.internal.work.DefaultConditionalExecutionQueue$ExecutionRunner.access$700(DefaultConditionalExecutionQueue.java:127)
	at org.gradle.internal.work.DefaultConditionalExecutionQueue$ExecutionRunner$1.run(DefaultConditionalExecutionQueue.java:169)
	at org.gradle.internal.Factories$1.create(Factories.java:31)
	at org.gradle.internal.work.DefaultWorkerLeaseService.withLocks(DefaultWorkerLeaseService.java:263)
	at org.gradle.internal.work.DefaultWorkerLeaseService.runAsWorkerThread(DefaultWorkerLeaseService.java:127)
	at org.gradle.internal.work.DefaultWorkerLeaseService.runAsWorkerThread(DefaultWorkerLeaseService.java:132)
	at org.gradle.internal.work.DefaultConditionalExecutionQueue$ExecutionRunner.runBatch(DefaultConditionalExecutionQueue.java:164)
	at org.gradle.internal.work.DefaultConditionalExecutionQueue$ExecutionRunner.run(DefaultConditionalExecutionQueue.java:133)
	at java.base/java.util.concurrent.Executors$RunnableAdapter.call(Executors.java:572)
	at java.base/java.util.concurrent.FutureTask.run(FutureTask.java:317)
	at org.gradle.internal.concurrent.ExecutorPolicy$CatchAndRecordFailures.onExecute(ExecutorPolicy.java:64)
	at org.gradle.internal.concurrent.AbstractManagedExecutor$1.run(AbstractManagedExecutor.java:48)
	at java.base/java.util.concurrent.ThreadPoolExecutor.runWorker(ThreadPoolExecutor.java:1144)
	at java.base/java.util.concurrent.ThreadPoolExecutor$Worker.run(ThreadPoolExecutor.java:642)
	at java.base/java.lang.Thread.run(Thread.java:1583)

WARNING: D8: An error occurred when parsing kotlin metadata. This normally happens when using a newer version of kotlin than the kotlin version released when this version of R8 was created. To find compatible kotlin versions, please see: https://developer.android.com/studio/build/kotlin-d8-r8-versions
WARNING: D8: Unexpected error during rewriting of Kotlin metadata for class 'com.sevtinge.hyperceiler.module.hook.securitycenter.sidebar.BlurSecurity$init$3':
com.android.tools.r8.internal.nu0: Should never be called
	at com.android.tools.r8.kotlin.a0.a(R8_8.8.18_9b4b11a8a876a48ac24063637e04d2dfb3a8d86172b84ba7a90f97001fecb008:2)
	at com.android.tools.r8.kotlin.Z.a(R8_8.8.18_9b4b11a8a876a48ac24063637e04d2dfb3a8d86172b84ba7a90f97001fecb008:185)
	at com.android.tools.r8.kotlin.Z.a(R8_8.8.18_9b4b11a8a876a48ac24063637e04d2dfb3a8d86172b84ba7a90f97001fecb008:184)
	at com.android.tools.r8.internal.nq0.a(R8_8.8.18_9b4b11a8a876a48ac24063637e04d2dfb3a8d86172b84ba7a90f97001fecb008:23)
	at com.android.tools.r8.internal.nq0.a(R8_8.8.18_9b4b11a8a876a48ac24063637e04d2dfb3a8d86172b84ba7a90f97001fecb008:34)
	at com.android.tools.r8.internal.nq0.a(R8_8.8.18_9b4b11a8a876a48ac24063637e04d2dfb3a8d86172b84ba7a90f97001fecb008:17)
	at com.google.common.util.concurrent.TrustedListenableFutureTask$TrustedFutureInterruptibleTask.runInterruptibly(TrustedListenableFutureTask.java:131)
	at com.google.common.util.concurrent.InterruptibleTask.run(InterruptibleTask.java:75)
	at com.google.common.util.concurrent.TrustedListenableFutureTask.run(TrustedListenableFutureTask.java:82)
	at com.google.common.util.concurrent.MoreExecutors$DirectExecutorService.execute(MoreExecutors.java:327)
	at java.base/java.util.concurrent.AbstractExecutorService.submit(AbstractExecutorService.java:145)
	at com.google.common.util.concurrent.AbstractListeningExecutorService.submit(AbstractListeningExecutorService.java:79)
	at com.google.common.util.concurrent.AbstractListeningExecutorService.submit(AbstractListeningExecutorService.java:37)
	at com.android.tools.r8.internal.oq0.submit(R8_8.8.18_9b4b11a8a876a48ac24063637e04d2dfb3a8d86172b84ba7a90f97001fecb008:1)
	at com.android.tools.r8.internal.aq0.a(R8_8.8.18_9b4b11a8a876a48ac24063637e04d2dfb3a8d86172b84ba7a90f97001fecb008:1)
	at com.android.tools.r8.internal.nq0.a(R8_8.8.18_9b4b11a8a876a48ac24063637e04d2dfb3a8d86172b84ba7a90f97001fecb008:19)
	at com.android.tools.r8.internal.sx.a(R8_8.8.18_9b4b11a8a876a48ac24063637e04d2dfb3a8d86172b84ba7a90f97001fecb008:3)
	at java.base/java.util.ArrayList.forEach(ArrayList.java:1596)
	at com.android.tools.r8.internal.sx.a(R8_8.8.18_9b4b11a8a876a48ac24063637e04d2dfb3a8d86172b84ba7a90f97001fecb008:2)
	at com.android.tools.r8.internal.nq0.a(R8_8.8.18_9b4b11a8a876a48ac24063637e04d2dfb3a8d86172b84ba7a90f97001fecb008:10)
	at com.android.tools.r8.internal.nq0.a(R8_8.8.18_9b4b11a8a876a48ac24063637e04d2dfb3a8d86172b84ba7a90f97001fecb008:33)
	at com.android.tools.r8.internal.nq0.a(R8_8.8.18_9b4b11a8a876a48ac24063637e04d2dfb3a8d86172b84ba7a90f97001fecb008:25)
	at com.android.tools.r8.internal.nq0.a(R8_8.8.18_9b4b11a8a876a48ac24063637e04d2dfb3a8d86172b84ba7a90f97001fecb008:22)
	at com.android.tools.r8.K.a(R8_8.8.18_9b4b11a8a876a48ac24063637e04d2dfb3a8d86172b84ba7a90f97001fecb008:3)
	at com.android.tools.r8.kotlin.Z.a(R8_8.8.18_9b4b11a8a876a48ac24063637e04d2dfb3a8d86172b84ba7a90f97001fecb008:9)
	at com.android.tools.r8.D8.b(R8_8.8.18_9b4b11a8a876a48ac24063637e04d2dfb3a8d86172b84ba7a90f97001fecb008:17)
	at com.android.tools.r8.internal.Qq0.a(R8_8.8.18_9b4b11a8a876a48ac24063637e04d2dfb3a8d86172b84ba7a90f97001fecb008:57)
	at com.android.tools.r8.D8.a(R8_8.8.18_9b4b11a8a876a48ac24063637e04d2dfb3a8d86172b84ba7a90f97001fecb008:88)
	at com.android.tools.r8.D8.d(R8_8.8.18_9b4b11a8a876a48ac24063637e04d2dfb3a8d86172b84ba7a90f97001fecb008:137)
	at com.android.tools.r8.D8.b(R8_8.8.18_9b4b11a8a876a48ac24063637e04d2dfb3a8d86172b84ba7a90f97001fecb008:1)
	at com.android.tools.r8.internal.Fu.a(R8_8.8.18_9b4b11a8a876a48ac24063637e04d2dfb3a8d86172b84ba7a90f97001fecb008:28)
	at com.android.tools.r8.internal.Fu.b(R8_8.8.18_9b4b11a8a876a48ac24063637e04d2dfb3a8d86172b84ba7a90f97001fecb008:2)
	at com.android.tools.r8.D8.run(R8_8.8.18_9b4b11a8a876a48ac24063637e04d2dfb3a8d86172b84ba7a90f97001fecb008:11)
	at com.android.builder.dexing.D8DexArchiveBuilder.convert(D8DexArchiveBuilder.java:127)
	at com.android.build.gradle.internal.dexing.DexWorkActionKt.process(DexWorkAction.kt:178)
	at com.android.build.gradle.internal.dexing.DexWorkActionKt.processNonIncrementally(DexWorkAction.kt:146)
	at com.android.build.gradle.internal.dexing.DexWorkActionKt.launchProcessing(DexWorkAction.kt:73)
	at com.android.build.gradle.internal.dexing.DexWorkAction.run(DexWorkAction.kt:45)
	at com.android.build.gradle.internal.profile.ProfileAwareWorkAction.execute(ProfileAwareWorkAction.kt:74)
	at org.gradle.workers.internal.DefaultWorkerServer.execute(DefaultWorkerServer.java:63)
	at org.gradle.workers.internal.NoIsolationWorkerFactory$1$1.create(NoIsolationWorkerFactory.java:66)
	at org.gradle.workers.internal.NoIsolationWorkerFactory$1$1.create(NoIsolationWorkerFactory.java:62)
	at org.gradle.internal.classloader.ClassLoaderUtils.executeInClassloader(ClassLoaderUtils.java:100)
	at org.gradle.workers.internal.NoIsolationWorkerFactory$1.lambda$execute$0(NoIsolationWorkerFactory.java:62)
	at org.gradle.workers.internal.AbstractWorker$1.call(AbstractWorker.java:44)
	at org.gradle.workers.internal.AbstractWorker$1.call(AbstractWorker.java:41)
	at org.gradle.internal.operations.DefaultBuildOperationRunner$CallableBuildOperationWorker.execute(DefaultBuildOperationRunner.java:209)
	at org.gradle.internal.operations.DefaultBuildOperationRunner$CallableBuildOperationWorker.execute(DefaultBuildOperationRunner.java:204)
	at org.gradle.internal.operations.DefaultBuildOperationRunner$2.execute(DefaultBuildOperationRunner.java:66)
	at org.gradle.internal.operations.DefaultBuildOperationRunner$2.execute(DefaultBuildOperationRunner.java:59)
	at org.gradle.internal.operations.DefaultBuildOperationRunner.execute(DefaultBuildOperationRunner.java:166)
	at org.gradle.internal.operations.DefaultBuildOperationRunner.execute(DefaultBuildOperationRunner.java:59)
	at org.gradle.internal.operations.DefaultBuildOperationRunner.call(DefaultBuildOperationRunner.java:53)
	at org.gradle.workers.internal.AbstractWorker.executeWrappedInBuildOperation(AbstractWorker.java:41)
	at org.gradle.workers.internal.NoIsolationWorkerFactory$1.execute(NoIsolationWorkerFactory.java:59)
	at org.gradle.workers.internal.DefaultWorkerExecutor.lambda$submitWork$0(DefaultWorkerExecutor.java:174)
	at java.base/java.util.concurrent.FutureTask.run(FutureTask.java:317)
	at org.gradle.internal.work.DefaultConditionalExecutionQueue$ExecutionRunner.runExecution(DefaultConditionalExecutionQueue.java:194)
	at org.gradle.internal.work.DefaultConditionalExecutionQueue$ExecutionRunner.access$700(DefaultConditionalExecutionQueue.java:127)
	at org.gradle.internal.work.DefaultConditionalExecutionQueue$ExecutionRunner$1.run(DefaultConditionalExecutionQueue.java:169)
	at org.gradle.internal.Factories$1.create(Factories.java:31)
	at org.gradle.internal.work.DefaultWorkerLeaseService.withLocks(DefaultWorkerLeaseService.java:263)
	at org.gradle.internal.work.DefaultWorkerLeaseService.runAsWorkerThread(DefaultWorkerLeaseService.java:127)
	at org.gradle.internal.work.DefaultWorkerLeaseService.runAsWorkerThread(DefaultWorkerLeaseService.java:132)
	at org.gradle.internal.work.DefaultConditionalExecutionQueue$ExecutionRunner.runBatch(DefaultConditionalExecutionQueue.java:164)
	at org.gradle.internal.work.DefaultConditionalExecutionQueue$ExecutionRunner.run(DefaultConditionalExecutionQueue.java:133)
	at java.base/java.util.concurrent.Executors$RunnableAdapter.call(Executors.java:572)
	at java.base/java.util.concurrent.FutureTask.run(FutureTask.java:317)
	at org.gradle.internal.concurrent.ExecutorPolicy$CatchAndRecordFailures.onExecute(ExecutorPolicy.java:64)
	at org.gradle.internal.concurrent.AbstractManagedExecutor$1.run(AbstractManagedExecutor.java:48)
	at java.base/java.util.concurrent.ThreadPoolExecutor.runWorker(ThreadPoolExecutor.java:1144)
	at java.base/java.util.concurrent.ThreadPoolExecutor$Worker.run(ThreadPoolExecutor.java:642)
	at java.base/java.lang.Thread.run(Thread.java:1583)

WARNING: D8: An error occurred when parsing kotlin metadata. This normally happens when using a newer version of kotlin than the kotlin version released when this version of R8 was created. To find compatible kotlin versions, please see: https://developer.android.com/studio/build/kotlin-d8-r8-versions
WARNING: D8: Unexpected error during rewriting of Kotlin metadata for class 'com.sevtinge.hyperceiler.module.hook.systemui.statusbar.model.MobilePublicHook$updateState$1':
com.android.tools.r8.internal.nu0: Should never be called
	at com.android.tools.r8.kotlin.a0.a(R8_8.8.18_9b4b11a8a876a48ac24063637e04d2dfb3a8d86172b84ba7a90f97001fecb008:2)
	at com.android.tools.r8.kotlin.Z.a(R8_8.8.18_9b4b11a8a876a48ac24063637e04d2dfb3a8d86172b84ba7a90f97001fecb008:185)
	at com.android.tools.r8.kotlin.Z.a(R8_8.8.18_9b4b11a8a876a48ac24063637e04d2dfb3a8d86172b84ba7a90f97001fecb008:184)
	at com.android.tools.r8.internal.nq0.a(R8_8.8.18_9b4b11a8a876a48ac24063637e04d2dfb3a8d86172b84ba7a90f97001fecb008:23)
	at com.android.tools.r8.internal.nq0.a(R8_8.8.18_9b4b11a8a876a48ac24063637e04d2dfb3a8d86172b84ba7a90f97001fecb008:34)
	at com.android.tools.r8.internal.nq0.a(R8_8.8.18_9b4b11a8a876a48ac24063637e04d2dfb3a8d86172b84ba7a90f97001fecb008:17)
	at com.google.common.util.concurrent.TrustedListenableFutureTask$TrustedFutureInterruptibleTask.runInterruptibly(TrustedListenableFutureTask.java:131)
	at com.google.common.util.concurrent.InterruptibleTask.run(InterruptibleTask.java:75)
	at com.google.common.util.concurrent.TrustedListenableFutureTask.run(TrustedListenableFutureTask.java:82)
	at com.google.common.util.concurrent.MoreExecutors$DirectExecutorService.execute(MoreExecutors.java:327)
	at java.base/java.util.concurrent.AbstractExecutorService.submit(AbstractExecutorService.java:145)
	at com.google.common.util.concurrent.AbstractListeningExecutorService.submit(AbstractListeningExecutorService.java:79)
	at com.google.common.util.concurrent.AbstractListeningExecutorService.submit(AbstractListeningExecutorService.java:37)
	at com.android.tools.r8.internal.oq0.submit(R8_8.8.18_9b4b11a8a876a48ac24063637e04d2dfb3a8d86172b84ba7a90f97001fecb008:1)
	at com.android.tools.r8.internal.aq0.a(R8_8.8.18_9b4b11a8a876a48ac24063637e04d2dfb3a8d86172b84ba7a90f97001fecb008:1)
	at com.android.tools.r8.internal.nq0.a(R8_8.8.18_9b4b11a8a876a48ac24063637e04d2dfb3a8d86172b84ba7a90f97001fecb008:19)
	at com.android.tools.r8.internal.sx.a(R8_8.8.18_9b4b11a8a876a48ac24063637e04d2dfb3a8d86172b84ba7a90f97001fecb008:3)
	at java.base/java.util.ArrayList.forEach(ArrayList.java:1596)
	at com.android.tools.r8.internal.sx.a(R8_8.8.18_9b4b11a8a876a48ac24063637e04d2dfb3a8d86172b84ba7a90f97001fecb008:2)
	at com.android.tools.r8.internal.nq0.a(R8_8.8.18_9b4b11a8a876a48ac24063637e04d2dfb3a8d86172b84ba7a90f97001fecb008:10)
	at com.android.tools.r8.internal.nq0.a(R8_8.8.18_9b4b11a8a876a48ac24063637e04d2dfb3a8d86172b84ba7a90f97001fecb008:33)
	at com.android.tools.r8.internal.nq0.a(R8_8.8.18_9b4b11a8a876a48ac24063637e04d2dfb3a8d86172b84ba7a90f97001fecb008:25)
	at com.android.tools.r8.internal.nq0.a(R8_8.8.18_9b4b11a8a876a48ac24063637e04d2dfb3a8d86172b84ba7a90f97001fecb008:22)
	at com.android.tools.r8.K.a(R8_8.8.18_9b4b11a8a876a48ac24063637e04d2dfb3a8d86172b84ba7a90f97001fecb008:3)
	at com.android.tools.r8.kotlin.Z.a(R8_8.8.18_9b4b11a8a876a48ac24063637e04d2dfb3a8d86172b84ba7a90f97001fecb008:9)
	at com.android.tools.r8.D8.b(R8_8.8.18_9b4b11a8a876a48ac24063637e04d2dfb3a8d86172b84ba7a90f97001fecb008:17)
	at com.android.tools.r8.internal.Qq0.a(R8_8.8.18_9b4b11a8a876a48ac24063637e04d2dfb3a8d86172b84ba7a90f97001fecb008:57)
	at com.android.tools.r8.D8.a(R8_8.8.18_9b4b11a8a876a48ac24063637e04d2dfb3a8d86172b84ba7a90f97001fecb008:88)
	at com.android.tools.r8.D8.d(R8_8.8.18_9b4b11a8a876a48ac24063637e04d2dfb3a8d86172b84ba7a90f97001fecb008:137)
	at com.android.tools.r8.D8.b(R8_8.8.18_9b4b11a8a876a48ac24063637e04d2dfb3a8d86172b84ba7a90f97001fecb008:1)
	at com.android.tools.r8.internal.Fu.a(R8_8.8.18_9b4b11a8a876a48ac24063637e04d2dfb3a8d86172b84ba7a90f97001fecb008:28)
	at com.android.tools.r8.internal.Fu.b(R8_8.8.18_9b4b11a8a876a48ac24063637e04d2dfb3a8d86172b84ba7a90f97001fecb008:2)
	at com.android.tools.r8.D8.run(R8_8.8.18_9b4b11a8a876a48ac24063637e04d2dfb3a8d86172b84ba7a90f97001fecb008:11)
	at com.android.builder.dexing.D8DexArchiveBuilder.convert(D8DexArchiveBuilder.java:127)
	at com.android.build.gradle.internal.dexing.DexWorkActionKt.process(DexWorkAction.kt:178)
	at com.android.build.gradle.internal.dexing.DexWorkActionKt.processNonIncrementally(DexWorkAction.kt:146)
	at com.android.build.gradle.internal.dexing.DexWorkActionKt.launchProcessing(DexWorkAction.kt:73)
	at com.android.build.gradle.internal.dexing.DexWorkAction.run(DexWorkAction.kt:45)
	at com.android.build.gradle.internal.profile.ProfileAwareWorkAction.execute(ProfileAwareWorkAction.kt:74)
	at org.gradle.workers.internal.DefaultWorkerServer.execute(DefaultWorkerServer.java:63)
	at org.gradle.workers.internal.NoIsolationWorkerFactory$1$1.create(NoIsolationWorkerFactory.java:66)
	at org.gradle.workers.internal.NoIsolationWorkerFactory$1$1.create(NoIsolationWorkerFactory.java:62)
	at org.gradle.internal.classloader.ClassLoaderUtils.executeInClassloader(ClassLoaderUtils.java:100)
	at org.gradle.workers.internal.NoIsolationWorkerFactory$1.lambda$execute$0(NoIsolationWorkerFactory.java:62)
	at org.gradle.workers.internal.AbstractWorker$1.call(AbstractWorker.java:44)
	at org.gradle.workers.internal.AbstractWorker$1.call(AbstractWorker.java:41)
	at org.gradle.internal.operations.DefaultBuildOperationRunner$CallableBuildOperationWorker.execute(DefaultBuildOperationRunner.java:209)
	at org.gradle.internal.operations.DefaultBuildOperationRunner$CallableBuildOperationWorker.execute(DefaultBuildOperationRunner.java:204)
	at org.gradle.internal.operations.DefaultBuildOperationRunner$2.execute(DefaultBuildOperationRunner.java:66)
	at org.gradle.internal.operations.DefaultBuildOperationRunner$2.execute(DefaultBuildOperationRunner.java:59)
	at org.gradle.internal.operations.DefaultBuildOperationRunner.execute(DefaultBuildOperationRunner.java:166)
	at org.gradle.internal.operations.DefaultBuildOperationRunner.execute(DefaultBuildOperationRunner.java:59)
	at org.gradle.internal.operations.DefaultBuildOperationRunner.call(DefaultBuildOperationRunner.java:53)
	at org.gradle.workers.internal.AbstractWorker.executeWrappedInBuildOperation(AbstractWorker.java:41)
	at org.gradle.workers.internal.NoIsolationWorkerFactory$1.execute(NoIsolationWorkerFactory.java:59)
	at org.gradle.workers.internal.DefaultWorkerExecutor.lambda$submitWork$0(DefaultWorkerExecutor.java:174)
	at java.base/java.util.concurrent.FutureTask.run(FutureTask.java:317)
	at org.gradle.internal.work.DefaultConditionalExecutionQueue$ExecutionRunner.runExecution(DefaultConditionalExecutionQueue.java:194)
	at org.gradle.internal.work.DefaultConditionalExecutionQueue$ExecutionRunner.access$700(DefaultConditionalExecutionQueue.java:127)
	at org.gradle.internal.work.DefaultConditionalExecutionQueue$ExecutionRunner$1.run(DefaultConditionalExecutionQueue.java:169)
	at org.gradle.internal.Factories$1.create(Factories.java:31)
	at org.gradle.internal.work.DefaultWorkerLeaseService.withLocks(DefaultWorkerLeaseService.java:263)
	at org.gradle.internal.work.DefaultWorkerLeaseService.runAsWorkerThread(DefaultWorkerLeaseService.java:127)
	at org.gradle.internal.work.DefaultWorkerLeaseService.runAsWorkerThread(DefaultWorkerLeaseService.java:132)
	at org.gradle.internal.work.DefaultConditionalExecutionQueue$ExecutionRunner.runBatch(DefaultConditionalExecutionQueue.java:164)
	at org.gradle.internal.work.DefaultConditionalExecutionQueue$ExecutionRunner.run(DefaultConditionalExecutionQueue.java:133)
	at java.base/java.util.concurrent.Executors$RunnableAdapter.call(Executors.java:572)
	at java.base/java.util.concurrent.FutureTask.run(FutureTask.java:317)
	at org.gradle.internal.concurrent.ExecutorPolicy$CatchAndRecordFailures.onExecute(ExecutorPolicy.java:64)
	at org.gradle.internal.concurrent.AbstractManagedExecutor$1.run(AbstractManagedExecutor.java:48)
	at java.base/java.util.concurrent.ThreadPoolExecutor.runWorker(ThreadPoolExecutor.java:1144)
	at java.base/java.util.concurrent.ThreadPoolExecutor$Worker.run(ThreadPoolExecutor.java:642)
	at java.base/java.lang.Thread.run(Thread.java:1583)

WARNING: D8: An error occurred when parsing kotlin metadata. This normally happens when using a newer version of kotlin than the kotlin version released when this version of R8 was created. To find compatible kotlin versions, please see: https://developer.android.com/studio/build/kotlin-d8-r8-versions
WARNING: D8: Unexpected error during rewriting of Kotlin metadata for class 'com.sevtinge.hyperceiler.utils.api.PluginFactory':
com.android.tools.r8.internal.nu0: Should never be called
	at com.android.tools.r8.kotlin.a0.a(R8_8.8.18_9b4b11a8a876a48ac24063637e04d2dfb3a8d86172b84ba7a90f97001fecb008:2)
	at com.android.tools.r8.kotlin.Z.a(R8_8.8.18_9b4b11a8a876a48ac24063637e04d2dfb3a8d86172b84ba7a90f97001fecb008:185)
	at com.android.tools.r8.kotlin.Z.a(R8_8.8.18_9b4b11a8a876a48ac24063637e04d2dfb3a8d86172b84ba7a90f97001fecb008:184)
	at com.android.tools.r8.internal.nq0.a(R8_8.8.18_9b4b11a8a876a48ac24063637e04d2dfb3a8d86172b84ba7a90f97001fecb008:23)
	at com.android.tools.r8.internal.nq0.a(R8_8.8.18_9b4b11a8a876a48ac24063637e04d2dfb3a8d86172b84ba7a90f97001fecb008:34)
	at com.android.tools.r8.internal.nq0.a(R8_8.8.18_9b4b11a8a876a48ac24063637e04d2dfb3a8d86172b84ba7a90f97001fecb008:17)
	at com.google.common.util.concurrent.TrustedListenableFutureTask$TrustedFutureInterruptibleTask.runInterruptibly(TrustedListenableFutureTask.java:131)
	at com.google.common.util.concurrent.InterruptibleTask.run(InterruptibleTask.java:75)
	at com.google.common.util.concurrent.TrustedListenableFutureTask.run(TrustedListenableFutureTask.java:82)
	at com.google.common.util.concurrent.MoreExecutors$DirectExecutorService.execute(MoreExecutors.java:327)
	at java.base/java.util.concurrent.AbstractExecutorService.submit(AbstractExecutorService.java:145)
	at com.google.common.util.concurrent.AbstractListeningExecutorService.submit(AbstractListeningExecutorService.java:79)
	at com.google.common.util.concurrent.AbstractListeningExecutorService.submit(AbstractListeningExecutorService.java:37)
	at com.android.tools.r8.internal.oq0.submit(R8_8.8.18_9b4b11a8a876a48ac24063637e04d2dfb3a8d86172b84ba7a90f97001fecb008:1)
	at com.android.tools.r8.internal.aq0.a(R8_8.8.18_9b4b11a8a876a48ac24063637e04d2dfb3a8d86172b84ba7a90f97001fecb008:1)
	at com.android.tools.r8.internal.nq0.a(R8_8.8.18_9b4b11a8a876a48ac24063637e04d2dfb3a8d86172b84ba7a90f97001fecb008:19)
	at com.android.tools.r8.internal.sx.a(R8_8.8.18_9b4b11a8a876a48ac24063637e04d2dfb3a8d86172b84ba7a90f97001fecb008:3)
	at java.base/java.util.ArrayList.forEach(ArrayList.java:1596)
	at com.android.tools.r8.internal.sx.a(R8_8.8.18_9b4b11a8a876a48ac24063637e04d2dfb3a8d86172b84ba7a90f97001fecb008:2)
	at com.android.tools.r8.internal.nq0.a(R8_8.8.18_9b4b11a8a876a48ac24063637e04d2dfb3a8d86172b84ba7a90f97001fecb008:10)
	at com.android.tools.r8.internal.nq0.a(R8_8.8.18_9b4b11a8a876a48ac24063637e04d2dfb3a8d86172b84ba7a90f97001fecb008:33)
	at com.android.tools.r8.internal.nq0.a(R8_8.8.18_9b4b11a8a876a48ac24063637e04d2dfb3a8d86172b84ba7a90f97001fecb008:25)
	at com.android.tools.r8.internal.nq0.a(R8_8.8.18_9b4b11a8a876a48ac24063637e04d2dfb3a8d86172b84ba7a90f97001fecb008:22)
	at com.android.tools.r8.K.a(R8_8.8.18_9b4b11a8a876a48ac24063637e04d2dfb3a8d86172b84ba7a90f97001fecb008:3)
	at com.android.tools.r8.kotlin.Z.a(R8_8.8.18_9b4b11a8a876a48ac24063637e04d2dfb3a8d86172b84ba7a90f97001fecb008:9)
	at com.android.tools.r8.D8.b(R8_8.8.18_9b4b11a8a876a48ac24063637e04d2dfb3a8d86172b84ba7a90f97001fecb008:17)
	at com.android.tools.r8.internal.Qq0.a(R8_8.8.18_9b4b11a8a876a48ac24063637e04d2dfb3a8d86172b84ba7a90f97001fecb008:57)
	at com.android.tools.r8.D8.a(R8_8.8.18_9b4b11a8a876a48ac24063637e04d2dfb3a8d86172b84ba7a90f97001fecb008:88)
	at com.android.tools.r8.D8.d(R8_8.8.18_9b4b11a8a876a48ac24063637e04d2dfb3a8d86172b84ba7a90f97001fecb008:137)
	at com.android.tools.r8.D8.b(R8_8.8.18_9b4b11a8a876a48ac24063637e04d2dfb3a8d86172b84ba7a90f97001fecb008:1)
	at com.android.tools.r8.internal.Fu.a(R8_8.8.18_9b4b11a8a876a48ac24063637e04d2dfb3a8d86172b84ba7a90f97001fecb008:28)
	at com.android.tools.r8.internal.Fu.b(R8_8.8.18_9b4b11a8a876a48ac24063637e04d2dfb3a8d86172b84ba7a90f97001fecb008:2)
	at com.android.tools.r8.D8.run(R8_8.8.18_9b4b11a8a876a48ac24063637e04d2dfb3a8d86172b84ba7a90f97001fecb008:11)
	at com.android.builder.dexing.D8DexArchiveBuilder.convert(D8DexArchiveBuilder.java:127)
	at com.android.build.gradle.internal.dexing.DexWorkActionKt.process(DexWorkAction.kt:178)
	at com.android.build.gradle.internal.dexing.DexWorkActionKt.processNonIncrementally(DexWorkAction.kt:146)
	at com.android.build.gradle.internal.dexing.DexWorkActionKt.launchProcessing(DexWorkAction.kt:73)
	at com.android.build.gradle.internal.dexing.DexWorkAction.run(DexWorkAction.kt:45)
	at com.android.build.gradle.internal.profile.ProfileAwareWorkAction.execute(ProfileAwareWorkAction.kt:74)
	at org.gradle.workers.internal.DefaultWorkerServer.execute(DefaultWorkerServer.java:63)
	at org.gradle.workers.internal.NoIsolationWorkerFactory$1$1.create(NoIsolationWorkerFactory.java:66)
	at org.gradle.workers.internal.NoIsolationWorkerFactory$1$1.create(NoIsolationWorkerFactory.java:62)
	at org.gradle.internal.classloader.ClassLoaderUtils.executeInClassloader(ClassLoaderUtils.java:100)
	at org.gradle.workers.internal.NoIsolationWorkerFactory$1.lambda$execute$0(NoIsolationWorkerFactory.java:62)
	at org.gradle.workers.internal.AbstractWorker$1.call(AbstractWorker.java:44)
	at org.gradle.workers.internal.AbstractWorker$1.call(AbstractWorker.java:41)
	at org.gradle.internal.operations.DefaultBuildOperationRunner$CallableBuildOperationWorker.execute(DefaultBuildOperationRunner.java:209)
	at org.gradle.internal.operations.DefaultBuildOperationRunner$CallableBuildOperationWorker.execute(DefaultBuildOperationRunner.java:204)
	at org.gradle.internal.operations.DefaultBuildOperationRunner$2.execute(DefaultBuildOperationRunner.java:66)
	at org.gradle.internal.operations.DefaultBuildOperationRunner$2.execute(DefaultBuildOperationRunner.java:59)
	at org.gradle.internal.operations.DefaultBuildOperationRunner.execute(DefaultBuildOperationRunner.java:166)
	at org.gradle.internal.operations.DefaultBuildOperationRunner.execute(DefaultBuildOperationRunner.java:59)
	at org.gradle.internal.operations.DefaultBuildOperationRunner.call(DefaultBuildOperationRunner.java:53)
	at org.gradle.workers.internal.AbstractWorker.executeWrappedInBuildOperation(AbstractWorker.java:41)
	at org.gradle.workers.internal.NoIsolationWorkerFactory$1.execute(NoIsolationWorkerFactory.java:59)
	at org.gradle.workers.internal.DefaultWorkerExecutor.lambda$submitWork$0(DefaultWorkerExecutor.java:174)
	at java.base/java.util.concurrent.FutureTask.run(FutureTask.java:317)
	at org.gradle.internal.work.DefaultConditionalExecutionQueue$ExecutionRunner.runExecution(DefaultConditionalExecutionQueue.java:194)
	at org.gradle.internal.work.DefaultConditionalExecutionQueue$ExecutionRunner.access$700(DefaultConditionalExecutionQueue.java:127)
	at org.gradle.internal.work.DefaultConditionalExecutionQueue$ExecutionRunner$1.run(DefaultConditionalExecutionQueue.java:169)
	at org.gradle.internal.Factories$1.create(Factories.java:31)
	at org.gradle.internal.work.DefaultWorkerLeaseService.withLocks(DefaultWorkerLeaseService.java:263)
	at org.gradle.internal.work.DefaultWorkerLeaseService.runAsWorkerThread(DefaultWorkerLeaseService.java:127)
	at org.gradle.internal.work.DefaultWorkerLeaseService.runAsWorkerThread(DefaultWorkerLeaseService.java:132)
	at org.gradle.internal.work.DefaultConditionalExecutionQueue$ExecutionRunner.runBatch(DefaultConditionalExecutionQueue.java:164)
	at org.gradle.internal.work.DefaultConditionalExecutionQueue$ExecutionRunner.run(DefaultConditionalExecutionQueue.java:133)
	at java.base/java.util.concurrent.Executors$RunnableAdapter.call(Executors.java:572)
	at java.base/java.util.concurrent.FutureTask.run(FutureTask.java:317)
	at org.gradle.internal.concurrent.ExecutorPolicy$CatchAndRecordFailures.onExecute(ExecutorPolicy.java:64)
	at org.gradle.internal.concurrent.AbstractManagedExecutor$1.run(AbstractManagedExecutor.java:48)
	at java.base/java.util.concurrent.ThreadPoolExecutor.runWorker(ThreadPoolExecutor.java:1144)
	at java.base/java.util.concurrent.ThreadPoolExecutor$Worker.run(ThreadPoolExecutor.java:642)
	at java.base/java.lang.Thread.run(Thread.java:1583)

WARNING: D8: An error occurred when parsing kotlin metadata. This normally happens when using a newer version of kotlin than the kotlin version released when this version of R8 was created. To find compatible kotlin versions, please see: https://developer.android.com/studio/build/kotlin-d8-r8-versions
WARNING: D8: Unexpected error during rewriting of Kotlin metadata for class 'com.sevtinge.hyperceiler.module.hook.systemui.controlcenter.AddBlurEffectToNotificationView$init$15':
com.android.tools.r8.internal.nu0: Should never be called
	at com.android.tools.r8.kotlin.a0.a(R8_8.8.18_9b4b11a8a876a48ac24063637e04d2dfb3a8d86172b84ba7a90f97001fecb008:2)
	at com.android.tools.r8.kotlin.Z.a(R8_8.8.18_9b4b11a8a876a48ac24063637e04d2dfb3a8d86172b84ba7a90f97001fecb008:185)
	at com.android.tools.r8.kotlin.Z.a(R8_8.8.18_9b4b11a8a876a48ac24063637e04d2dfb3a8d86172b84ba7a90f97001fecb008:184)
	at com.android.tools.r8.internal.nq0.a(R8_8.8.18_9b4b11a8a876a48ac24063637e04d2dfb3a8d86172b84ba7a90f97001fecb008:23)
	at com.android.tools.r8.internal.nq0.a(R8_8.8.18_9b4b11a8a876a48ac24063637e04d2dfb3a8d86172b84ba7a90f97001fecb008:34)
	at com.android.tools.r8.internal.nq0.a(R8_8.8.18_9b4b11a8a876a48ac24063637e04d2dfb3a8d86172b84ba7a90f97001fecb008:17)
	at com.google.common.util.concurrent.TrustedListenableFutureTask$TrustedFutureInterruptibleTask.runInterruptibly(TrustedListenableFutureTask.java:131)
	at com.google.common.util.concurrent.InterruptibleTask.run(InterruptibleTask.java:75)
	at com.google.common.util.concurrent.TrustedListenableFutureTask.run(TrustedListenableFutureTask.java:82)
	at com.google.common.util.concurrent.MoreExecutors$DirectExecutorService.execute(MoreExecutors.java:327)
	at java.base/java.util.concurrent.AbstractExecutorService.submit(AbstractExecutorService.java:145)
	at com.google.common.util.concurrent.AbstractListeningExecutorService.submit(AbstractListeningExecutorService.java:79)
	at com.google.common.util.concurrent.AbstractListeningExecutorService.submit(AbstractListeningExecutorService.java:37)
	at com.android.tools.r8.internal.oq0.submit(R8_8.8.18_9b4b11a8a876a48ac24063637e04d2dfb3a8d86172b84ba7a90f97001fecb008:1)
	at com.android.tools.r8.internal.aq0.a(R8_8.8.18_9b4b11a8a876a48ac24063637e04d2dfb3a8d86172b84ba7a90f97001fecb008:1)
	at com.android.tools.r8.internal.nq0.a(R8_8.8.18_9b4b11a8a876a48ac24063637e04d2dfb3a8d86172b84ba7a90f97001fecb008:19)
	at com.android.tools.r8.internal.sx.a(R8_8.8.18_9b4b11a8a876a48ac24063637e04d2dfb3a8d86172b84ba7a90f97001fecb008:3)
	at java.base/java.util.ArrayList.forEach(ArrayList.java:1596)
	at com.android.tools.r8.internal.sx.a(R8_8.8.18_9b4b11a8a876a48ac24063637e04d2dfb3a8d86172b84ba7a90f97001fecb008:2)
	at com.android.tools.r8.internal.nq0.a(R8_8.8.18_9b4b11a8a876a48ac24063637e04d2dfb3a8d86172b84ba7a90f97001fecb008:10)
	at com.android.tools.r8.internal.nq0.a(R8_8.8.18_9b4b11a8a876a48ac24063637e04d2dfb3a8d86172b84ba7a90f97001fecb008:33)
	at com.android.tools.r8.internal.nq0.a(R8_8.8.18_9b4b11a8a876a48ac24063637e04d2dfb3a8d86172b84ba7a90f97001fecb008:25)
	at com.android.tools.r8.internal.nq0.a(R8_8.8.18_9b4b11a8a876a48ac24063637e04d2dfb3a8d86172b84ba7a90f97001fecb008:22)
	at com.android.tools.r8.K.a(R8_8.8.18_9b4b11a8a876a48ac24063637e04d2dfb3a8d86172b84ba7a90f97001fecb008:3)
	at com.android.tools.r8.kotlin.Z.a(R8_8.8.18_9b4b11a8a876a48ac24063637e04d2dfb3a8d86172b84ba7a90f97001fecb008:9)
	at com.android.tools.r8.D8.b(R8_8.8.18_9b4b11a8a876a48ac24063637e04d2dfb3a8d86172b84ba7a90f97001fecb008:17)
	at com.android.tools.r8.internal.Qq0.a(R8_8.8.18_9b4b11a8a876a48ac24063637e04d2dfb3a8d86172b84ba7a90f97001fecb008:57)
	at com.android.tools.r8.D8.a(R8_8.8.18_9b4b11a8a876a48ac24063637e04d2dfb3a8d86172b84ba7a90f97001fecb008:88)
	at com.android.tools.r8.D8.d(R8_8.8.18_9b4b11a8a876a48ac24063637e04d2dfb3a8d86172b84ba7a90f97001fecb008:137)
	at com.android.tools.r8.D8.b(R8_8.8.18_9b4b11a8a876a48ac24063637e04d2dfb3a8d86172b84ba7a90f97001fecb008:1)
	at com.android.tools.r8.internal.Fu.a(R8_8.8.18_9b4b11a8a876a48ac24063637e04d2dfb3a8d86172b84ba7a90f97001fecb008:28)
	at com.android.tools.r8.internal.Fu.b(R8_8.8.18_9b4b11a8a876a48ac24063637e04d2dfb3a8d86172b84ba7a90f97001fecb008:2)
	at com.android.tools.r8.D8.run(R8_8.8.18_9b4b11a8a876a48ac24063637e04d2dfb3a8d86172b84ba7a90f97001fecb008:11)
	at com.android.builder.dexing.D8DexArchiveBuilder.convert(D8DexArchiveBuilder.java:127)
	at com.android.build.gradle.internal.dexing.DexWorkActionKt.process(DexWorkAction.kt:178)
	at com.android.build.gradle.internal.dexing.DexWorkActionKt.processNonIncrementally(DexWorkAction.kt:146)
	at com.android.build.gradle.internal.dexing.DexWorkActionKt.launchProcessing(DexWorkAction.kt:73)
	at com.android.build.gradle.internal.dexing.DexWorkAction.run(DexWorkAction.kt:45)
	at com.android.build.gradle.internal.profile.ProfileAwareWorkAction.execute(ProfileAwareWorkAction.kt:74)
	at org.gradle.workers.internal.DefaultWorkerServer.execute(DefaultWorkerServer.java:63)
	at org.gradle.workers.internal.NoIsolationWorkerFactory$1$1.create(NoIsolationWorkerFactory.java:66)
	at org.gradle.workers.internal.NoIsolationWorkerFactory$1$1.create(NoIsolationWorkerFactory.java:62)
	at org.gradle.internal.classloader.ClassLoaderUtils.executeInClassloader(ClassLoaderUtils.java:100)
	at org.gradle.workers.internal.NoIsolationWorkerFactory$1.lambda$execute$0(NoIsolationWorkerFactory.java:62)
	at org.gradle.workers.internal.AbstractWorker$1.call(AbstractWorker.java:44)
	at org.gradle.workers.internal.AbstractWorker$1.call(AbstractWorker.java:41)
	at org.gradle.internal.operations.DefaultBuildOperationRunner$CallableBuildOperationWorker.execute(DefaultBuildOperationRunner.java:209)
	at org.gradle.internal.operations.DefaultBuildOperationRunner$CallableBuildOperationWorker.execute(DefaultBuildOperationRunner.java:204)
	at org.gradle.internal.operations.DefaultBuildOperationRunner$2.execute(DefaultBuildOperationRunner.java:66)
	at org.gradle.internal.operations.DefaultBuildOperationRunner$2.execute(DefaultBuildOperationRunner.java:59)
	at org.gradle.internal.operations.DefaultBuildOperationRunner.execute(DefaultBuildOperationRunner.java:166)
	at org.gradle.internal.operations.DefaultBuildOperationRunner.execute(DefaultBuildOperationRunner.java:59)
	at org.gradle.internal.operations.DefaultBuildOperationRunner.call(DefaultBuildOperationRunner.java:53)
	at org.gradle.workers.internal.AbstractWorker.executeWrappedInBuildOperation(AbstractWorker.java:41)
	at org.gradle.workers.internal.NoIsolationWorkerFactory$1.execute(NoIsolationWorkerFactory.java:59)
	at org.gradle.workers.internal.DefaultWorkerExecutor.lambda$submitWork$0(DefaultWorkerExecutor.java:174)
	at java.base/java.util.concurrent.FutureTask.run(FutureTask.java:317)
	at org.gradle.internal.work.DefaultConditionalExecutionQueue$ExecutionRunner.runExecution(DefaultConditionalExecutionQueue.java:194)
	at org.gradle.internal.work.DefaultConditionalExecutionQueue$ExecutionRunner.access$700(DefaultConditionalExecutionQueue.java:127)
	at org.gradle.internal.work.DefaultConditionalExecutionQueue$ExecutionRunner$1.run(DefaultConditionalExecutionQueue.java:169)
	at org.gradle.internal.Factories$1.create(Factories.java:31)
	at org.gradle.internal.work.DefaultWorkerLeaseService.withLocks(DefaultWorkerLeaseService.java:263)
	at org.gradle.internal.work.DefaultWorkerLeaseService.runAsWorkerThread(DefaultWorkerLeaseService.java:127)
	at org.gradle.internal.work.DefaultWorkerLeaseService.runAsWorkerThread(DefaultWorkerLeaseService.java:132)
	at org.gradle.internal.work.DefaultConditionalExecutionQueue$ExecutionRunner.runBatch(DefaultConditionalExecutionQueue.java:164)
	at org.gradle.internal.work.DefaultConditionalExecutionQueue$ExecutionRunner.run(DefaultConditionalExecutionQueue.java:133)
	at java.base/java.util.concurrent.Executors$RunnableAdapter.call(Executors.java:572)
	at java.base/java.util.concurrent.FutureTask.run(FutureTask.java:317)
	at org.gradle.internal.concurrent.ExecutorPolicy$CatchAndRecordFailures.onExecute(ExecutorPolicy.java:64)
	at org.gradle.internal.concurrent.AbstractManagedExecutor$1.run(AbstractManagedExecutor.java:48)
	at java.base/java.util.concurrent.ThreadPoolExecutor.runWorker(ThreadPoolExecutor.java:1144)
	at java.base/java.util.concurrent.ThreadPoolExecutor$Worker.run(ThreadPoolExecutor.java:642)
	at java.base/java.lang.Thread.run(Thread.java:1583)

WARNING: D8: An error occurred when parsing kotlin metadata. This normally happens when using a newer version of kotlin than the kotlin version released when this version of R8 was created. To find compatible kotlin versions, please see: https://developer.android.com/studio/build/kotlin-d8-r8-versions
WARNING: D8: Unexpected error during rewriting of Kotlin metadata for class 'com.sevtinge.hyperceiler.module.hook.home.other.BlurWhenShowShortcutMenu$init$7':
com.android.tools.r8.internal.nu0: Should never be called
	at com.android.tools.r8.kotlin.a0.a(R8_8.8.18_9b4b11a8a876a48ac24063637e04d2dfb3a8d86172b84ba7a90f97001fecb008:2)
	at com.android.tools.r8.kotlin.Z.a(R8_8.8.18_9b4b11a8a876a48ac24063637e04d2dfb3a8d86172b84ba7a90f97001fecb008:185)
	at com.android.tools.r8.kotlin.Z.a(R8_8.8.18_9b4b11a8a876a48ac24063637e04d2dfb3a8d86172b84ba7a90f97001fecb008:184)
	at com.android.tools.r8.internal.nq0.a(R8_8.8.18_9b4b11a8a876a48ac24063637e04d2dfb3a8d86172b84ba7a90f97001fecb008:23)
	at com.android.tools.r8.internal.nq0.a(R8_8.8.18_9b4b11a8a876a48ac24063637e04d2dfb3a8d86172b84ba7a90f97001fecb008:34)
	at com.android.tools.r8.internal.nq0.a(R8_8.8.18_9b4b11a8a876a48ac24063637e04d2dfb3a8d86172b84ba7a90f97001fecb008:17)
	at com.google.common.util.concurrent.TrustedListenableFutureTask$TrustedFutureInterruptibleTask.runInterruptibly(TrustedListenableFutureTask.java:131)
	at com.google.common.util.concurrent.InterruptibleTask.run(InterruptibleTask.java:75)
	at com.google.common.util.concurrent.TrustedListenableFutureTask.run(TrustedListenableFutureTask.java:82)
	at com.google.common.util.concurrent.MoreExecutors$DirectExecutorService.execute(MoreExecutors.java:327)
	at java.base/java.util.concurrent.AbstractExecutorService.submit(AbstractExecutorService.java:145)
	at com.google.common.util.concurrent.AbstractListeningExecutorService.submit(AbstractListeningExecutorService.java:79)
	at com.google.common.util.concurrent.AbstractListeningExecutorService.submit(AbstractListeningExecutorService.java:37)
	at com.android.tools.r8.internal.oq0.submit(R8_8.8.18_9b4b11a8a876a48ac24063637e04d2dfb3a8d86172b84ba7a90f97001fecb008:1)
	at com.android.tools.r8.internal.aq0.a(R8_8.8.18_9b4b11a8a876a48ac24063637e04d2dfb3a8d86172b84ba7a90f97001fecb008:1)
	at com.android.tools.r8.internal.nq0.a(R8_8.8.18_9b4b11a8a876a48ac24063637e04d2dfb3a8d86172b84ba7a90f97001fecb008:19)
	at com.android.tools.r8.internal.sx.a(R8_8.8.18_9b4b11a8a876a48ac24063637e04d2dfb3a8d86172b84ba7a90f97001fecb008:3)
	at java.base/java.util.ArrayList.forEach(ArrayList.java:1596)
	at com.android.tools.r8.internal.sx.a(R8_8.8.18_9b4b11a8a876a48ac24063637e04d2dfb3a8d86172b84ba7a90f97001fecb008:2)
	at com.android.tools.r8.internal.nq0.a(R8_8.8.18_9b4b11a8a876a48ac24063637e04d2dfb3a8d86172b84ba7a90f97001fecb008:10)
	at com.android.tools.r8.internal.nq0.a(R8_8.8.18_9b4b11a8a876a48ac24063637e04d2dfb3a8d86172b84ba7a90f97001fecb008:33)
	at com.android.tools.r8.internal.nq0.a(R8_8.8.18_9b4b11a8a876a48ac24063637e04d2dfb3a8d86172b84ba7a90f97001fecb008:25)
	at com.android.tools.r8.internal.nq0.a(R8_8.8.18_9b4b11a8a876a48ac24063637e04d2dfb3a8d86172b84ba7a90f97001fecb008:22)
	at com.android.tools.r8.K.a(R8_8.8.18_9b4b11a8a876a48ac24063637e04d2dfb3a8d86172b84ba7a90f97001fecb008:3)
	at com.android.tools.r8.kotlin.Z.a(R8_8.8.18_9b4b11a8a876a48ac24063637e04d2dfb3a8d86172b84ba7a90f97001fecb008:9)
	at com.android.tools.r8.D8.b(R8_8.8.18_9b4b11a8a876a48ac24063637e04d2dfb3a8d86172b84ba7a90f97001fecb008:17)
	at com.android.tools.r8.internal.Qq0.a(R8_8.8.18_9b4b11a8a876a48ac24063637e04d2dfb3a8d86172b84ba7a90f97001fecb008:57)
	at com.android.tools.r8.D8.a(R8_8.8.18_9b4b11a8a876a48ac24063637e04d2dfb3a8d86172b84ba7a90f97001fecb008:88)
	at com.android.tools.r8.D8.d(R8_8.8.18_9b4b11a8a876a48ac24063637e04d2dfb3a8d86172b84ba7a90f97001fecb008:137)
	at com.android.tools.r8.D8.b(R8_8.8.18_9b4b11a8a876a48ac24063637e04d2dfb3a8d86172b84ba7a90f97001fecb008:1)
	at com.android.tools.r8.internal.Fu.a(R8_8.8.18_9b4b11a8a876a48ac24063637e04d2dfb3a8d86172b84ba7a90f97001fecb008:28)
	at com.android.tools.r8.internal.Fu.b(R8_8.8.18_9b4b11a8a876a48ac24063637e04d2dfb3a8d86172b84ba7a90f97001fecb008:2)
	at com.android.tools.r8.D8.run(R8_8.8.18_9b4b11a8a876a48ac24063637e04d2dfb3a8d86172b84ba7a90f97001fecb008:11)
	at com.android.builder.dexing.D8DexArchiveBuilder.convert(D8DexArchiveBuilder.java:127)
	at com.android.build.gradle.internal.dexing.DexWorkActionKt.process(DexWorkAction.kt:178)
	at com.android.build.gradle.internal.dexing.DexWorkActionKt.processNonIncrementally(DexWorkAction.kt:146)
	at com.android.build.gradle.internal.dexing.DexWorkActionKt.launchProcessing(DexWorkAction.kt:73)
	at com.android.build.gradle.internal.dexing.DexWorkAction.run(DexWorkAction.kt:45)
	at com.android.build.gradle.internal.profile.ProfileAwareWorkAction.execute(ProfileAwareWorkAction.kt:74)
	at org.gradle.workers.internal.DefaultWorkerServer.execute(DefaultWorkerServer.java:63)
	at org.gradle.workers.internal.NoIsolationWorkerFactory$1$1.create(NoIsolationWorkerFactory.java:66)
	at org.gradle.workers.internal.NoIsolationWorkerFactory$1$1.create(NoIsolationWorkerFactory.java:62)
	at org.gradle.internal.classloader.ClassLoaderUtils.executeInClassloader(ClassLoaderUtils.java:100)
	at org.gradle.workers.internal.NoIsolationWorkerFactory$1.lambda$execute$0(NoIsolationWorkerFactory.java:62)
	at org.gradle.workers.internal.AbstractWorker$1.call(AbstractWorker.java:44)
	at org.gradle.workers.internal.AbstractWorker$1.call(AbstractWorker.java:41)
	at org.gradle.internal.operations.DefaultBuildOperationRunner$CallableBuildOperationWorker.execute(DefaultBuildOperationRunner.java:209)
	at org.gradle.internal.operations.DefaultBuildOperationRunner$CallableBuildOperationWorker.execute(DefaultBuildOperationRunner.java:204)
	at org.gradle.internal.operations.DefaultBuildOperationRunner$2.execute(DefaultBuildOperationRunner.java:66)
	at org.gradle.internal.operations.DefaultBuildOperationRunner$2.execute(DefaultBuildOperationRunner.java:59)
	at org.gradle.internal.operations.DefaultBuildOperationRunner.execute(DefaultBuildOperationRunner.java:166)
	at org.gradle.internal.operations.DefaultBuildOperationRunner.execute(DefaultBuildOperationRunner.java:59)
	at org.gradle.internal.operations.DefaultBuildOperationRunner.call(DefaultBuildOperationRunner.java:53)
	at org.gradle.workers.internal.AbstractWorker.executeWrappedInBuildOperation(AbstractWorker.java:41)
	at org.gradle.workers.internal.NoIsolationWorkerFactory$1.execute(NoIsolationWorkerFactory.java:59)
	at org.gradle.workers.internal.DefaultWorkerExecutor.lambda$submitWork$0(DefaultWorkerExecutor.java:174)
	at java.base/java.util.concurrent.FutureTask.run(FutureTask.java:317)
	at org.gradle.internal.work.DefaultConditionalExecutionQueue$ExecutionRunner.runExecution(DefaultConditionalExecutionQueue.java:194)
	at org.gradle.internal.work.DefaultConditionalExecutionQueue$ExecutionRunner.access$700(DefaultConditionalExecutionQueue.java:127)
	at org.gradle.internal.work.DefaultConditionalExecutionQueue$ExecutionRunner$1.run(DefaultConditionalExecutionQueue.java:169)
	at org.gradle.internal.Factories$1.create(Factories.java:31)
	at org.gradle.internal.work.DefaultWorkerLeaseService.withLocks(DefaultWorkerLeaseService.java:263)
	at org.gradle.internal.work.DefaultWorkerLeaseService.runAsWorkerThread(DefaultWorkerLeaseService.java:127)
	at org.gradle.internal.work.DefaultWorkerLeaseService.runAsWorkerThread(DefaultWorkerLeaseService.java:132)
	at org.gradle.internal.work.DefaultConditionalExecutionQueue$ExecutionRunner.runBatch(DefaultConditionalExecutionQueue.java:164)
	at org.gradle.internal.work.DefaultConditionalExecutionQueue$ExecutionRunner.run(DefaultConditionalExecutionQueue.java:133)
	at java.base/java.util.concurrent.Executors$RunnableAdapter.call(Executors.java:572)
	at java.base/java.util.concurrent.FutureTask.run(FutureTask.java:317)
	at org.gradle.internal.concurrent.ExecutorPolicy$CatchAndRecordFailures.onExecute(ExecutorPolicy.java:64)
	at org.gradle.internal.concurrent.AbstractManagedExecutor$1.run(AbstractManagedExecutor.java:48)
	at java.base/java.util.concurrent.ThreadPoolExecutor.runWorker(ThreadPoolExecutor.java:1144)
	at java.base/java.util.concurrent.ThreadPoolExecutor$Worker.run(ThreadPoolExecutor.java:642)
	at java.base/java.lang.Thread.run(Thread.java:1583)

WARNING: D8: An error occurred when parsing kotlin metadata. This normally happens when using a newer version of kotlin than the kotlin version released when this version of R8 was created. To find compatible kotlin versions, please see: https://developer.android.com/studio/build/kotlin-d8-r8-versions
WARNING: D8: Unexpected error during rewriting of Kotlin metadata for class 'com.sevtinge.hyperceiler.module.hook.systemui.controlcenter.CCGridOld$mHideCCLabels$1':
com.android.tools.r8.internal.nu0: Should never be called
	at com.android.tools.r8.kotlin.a0.a(R8_8.8.18_9b4b11a8a876a48ac24063637e04d2dfb3a8d86172b84ba7a90f97001fecb008:2)
	at com.android.tools.r8.kotlin.Z.a(R8_8.8.18_9b4b11a8a876a48ac24063637e04d2dfb3a8d86172b84ba7a90f97001fecb008:185)
	at com.android.tools.r8.kotlin.Z.a(R8_8.8.18_9b4b11a8a876a48ac24063637e04d2dfb3a8d86172b84ba7a90f97001fecb008:184)
	at com.android.tools.r8.internal.nq0.a(R8_8.8.18_9b4b11a8a876a48ac24063637e04d2dfb3a8d86172b84ba7a90f97001fecb008:23)
	at com.android.tools.r8.internal.nq0.a(R8_8.8.18_9b4b11a8a876a48ac24063637e04d2dfb3a8d86172b84ba7a90f97001fecb008:34)
	at com.android.tools.r8.internal.nq0.a(R8_8.8.18_9b4b11a8a876a48ac24063637e04d2dfb3a8d86172b84ba7a90f97001fecb008:17)
	at com.google.common.util.concurrent.TrustedListenableFutureTask$TrustedFutureInterruptibleTask.runInterruptibly(TrustedListenableFutureTask.java:131)
	at com.google.common.util.concurrent.InterruptibleTask.run(InterruptibleTask.java:75)
	at com.google.common.util.concurrent.TrustedListenableFutureTask.run(TrustedListenableFutureTask.java:82)
	at com.google.common.util.concurrent.MoreExecutors$DirectExecutorService.execute(MoreExecutors.java:327)
	at java.base/java.util.concurrent.AbstractExecutorService.submit(AbstractExecutorService.java:145)
	at com.google.common.util.concurrent.AbstractListeningExecutorService.submit(AbstractListeningExecutorService.java:79)
	at com.google.common.util.concurrent.AbstractListeningExecutorService.submit(AbstractListeningExecutorService.java:37)
	at com.android.tools.r8.internal.oq0.submit(R8_8.8.18_9b4b11a8a876a48ac24063637e04d2dfb3a8d86172b84ba7a90f97001fecb008:1)
	at com.android.tools.r8.internal.aq0.a(R8_8.8.18_9b4b11a8a876a48ac24063637e04d2dfb3a8d86172b84ba7a90f97001fecb008:1)
	at com.android.tools.r8.internal.nq0.a(R8_8.8.18_9b4b11a8a876a48ac24063637e04d2dfb3a8d86172b84ba7a90f97001fecb008:19)
	at com.android.tools.r8.internal.sx.a(R8_8.8.18_9b4b11a8a876a48ac24063637e04d2dfb3a8d86172b84ba7a90f97001fecb008:3)
	at java.base/java.util.ArrayList.forEach(ArrayList.java:1596)
	at com.android.tools.r8.internal.sx.a(R8_8.8.18_9b4b11a8a876a48ac24063637e04d2dfb3a8d86172b84ba7a90f97001fecb008:2)
	at com.android.tools.r8.internal.nq0.a(R8_8.8.18_9b4b11a8a876a48ac24063637e04d2dfb3a8d86172b84ba7a90f97001fecb008:10)
	at com.android.tools.r8.internal.nq0.a(R8_8.8.18_9b4b11a8a876a48ac24063637e04d2dfb3a8d86172b84ba7a90f97001fecb008:33)
	at com.android.tools.r8.internal.nq0.a(R8_8.8.18_9b4b11a8a876a48ac24063637e04d2dfb3a8d86172b84ba7a90f97001fecb008:25)
	at com.android.tools.r8.internal.nq0.a(R8_8.8.18_9b4b11a8a876a48ac24063637e04d2dfb3a8d86172b84ba7a90f97001fecb008:22)
	at com.android.tools.r8.K.a(R8_8.8.18_9b4b11a8a876a48ac24063637e04d2dfb3a8d86172b84ba7a90f97001fecb008:3)
	at com.android.tools.r8.kotlin.Z.a(R8_8.8.18_9b4b11a8a876a48ac24063637e04d2dfb3a8d86172b84ba7a90f97001fecb008:9)
	at com.android.tools.r8.D8.b(R8_8.8.18_9b4b11a8a876a48ac24063637e04d2dfb3a8d86172b84ba7a90f97001fecb008:17)
	at com.android.tools.r8.internal.Qq0.a(R8_8.8.18_9b4b11a8a876a48ac24063637e04d2dfb3a8d86172b84ba7a90f97001fecb008:57)
	at com.android.tools.r8.D8.a(R8_8.8.18_9b4b11a8a876a48ac24063637e04d2dfb3a8d86172b84ba7a90f97001fecb008:88)
	at com.android.tools.r8.D8.d(R8_8.8.18_9b4b11a8a876a48ac24063637e04d2dfb3a8d86172b84ba7a90f97001fecb008:137)
	at com.android.tools.r8.D8.b(R8_8.8.18_9b4b11a8a876a48ac24063637e04d2dfb3a8d86172b84ba7a90f97001fecb008:1)
	at com.android.tools.r8.internal.Fu.a(R8_8.8.18_9b4b11a8a876a48ac24063637e04d2dfb3a8d86172b84ba7a90f97001fecb008:28)
	at com.android.tools.r8.internal.Fu.b(R8_8.8.18_9b4b11a8a876a48ac24063637e04d2dfb3a8d86172b84ba7a90f97001fecb008:2)
	at com.android.tools.r8.D8.run(R8_8.8.18_9b4b11a8a876a48ac24063637e04d2dfb3a8d86172b84ba7a90f97001fecb008:11)
	at com.android.builder.dexing.D8DexArchiveBuilder.convert(D8DexArchiveBuilder.java:127)
	at com.android.build.gradle.internal.dexing.DexWorkActionKt.process(DexWorkAction.kt:178)
	at com.android.build.gradle.internal.dexing.DexWorkActionKt.processNonIncrementally(DexWorkAction.kt:146)
	at com.android.build.gradle.internal.dexing.DexWorkActionKt.launchProcessing(DexWorkAction.kt:73)
	at com.android.build.gradle.internal.dexing.DexWorkAction.run(DexWorkAction.kt:45)
	at com.android.build.gradle.internal.profile.ProfileAwareWorkAction.execute(ProfileAwareWorkAction.kt:74)
	at org.gradle.workers.internal.DefaultWorkerServer.execute(DefaultWorkerServer.java:63)
	at org.gradle.workers.internal.NoIsolationWorkerFactory$1$1.create(NoIsolationWorkerFactory.java:66)
	at org.gradle.workers.internal.NoIsolationWorkerFactory$1$1.create(NoIsolationWorkerFactory.java:62)
	at org.gradle.internal.classloader.ClassLoaderUtils.executeInClassloader(ClassLoaderUtils.java:100)
	at org.gradle.workers.internal.NoIsolationWorkerFactory$1.lambda$execute$0(NoIsolationWorkerFactory.java:62)
	at org.gradle.workers.internal.AbstractWorker$1.call(AbstractWorker.java:44)
	at org.gradle.workers.internal.AbstractWorker$1.call(AbstractWorker.java:41)
	at org.gradle.internal.operations.DefaultBuildOperationRunner$CallableBuildOperationWorker.execute(DefaultBuildOperationRunner.java:209)
	at org.gradle.internal.operations.DefaultBuildOperationRunner$CallableBuildOperationWorker.execute(DefaultBuildOperationRunner.java:204)
	at org.gradle.internal.operations.DefaultBuildOperationRunner$2.execute(DefaultBuildOperationRunner.java:66)
	at org.gradle.internal.operations.DefaultBuildOperationRunner$2.execute(DefaultBuildOperationRunner.java:59)
	at org.gradle.internal.operations.DefaultBuildOperationRunner.execute(DefaultBuildOperationRunner.java:166)
	at org.gradle.internal.operations.DefaultBuildOperationRunner.execute(DefaultBuildOperationRunner.java:59)
	at org.gradle.internal.operations.DefaultBuildOperationRunner.call(DefaultBuildOperationRunner.java:53)
	at org.gradle.workers.internal.AbstractWorker.executeWrappedInBuildOperation(AbstractWorker.java:41)
	at org.gradle.workers.internal.NoIsolationWorkerFactory$1.execute(NoIsolationWorkerFactory.java:59)
	at org.gradle.workers.internal.DefaultWorkerExecutor.lambda$submitWork$0(DefaultWorkerExecutor.java:174)
	at java.base/java.util.concurrent.FutureTask.run(FutureTask.java:317)
	at org.gradle.internal.work.DefaultConditionalExecutionQueue$ExecutionRunner.runExecution(DefaultConditionalExecutionQueue.java:194)
	at org.gradle.internal.work.DefaultConditionalExecutionQueue$ExecutionRunner.access$700(DefaultConditionalExecutionQueue.java:127)
	at org.gradle.internal.work.DefaultConditionalExecutionQueue$ExecutionRunner$1.run(DefaultConditionalExecutionQueue.java:169)
	at org.gradle.internal.Factories$1.create(Factories.java:31)
	at org.gradle.internal.work.DefaultWorkerLeaseService.withLocks(DefaultWorkerLeaseService.java:263)
	at org.gradle.internal.work.DefaultWorkerLeaseService.runAsWorkerThread(DefaultWorkerLeaseService.java:127)
	at org.gradle.internal.work.DefaultWorkerLeaseService.runAsWorkerThread(DefaultWorkerLeaseService.java:132)
	at org.gradle.internal.work.DefaultConditionalExecutionQueue$ExecutionRunner.runBatch(DefaultConditionalExecutionQueue.java:164)
	at org.gradle.internal.work.DefaultConditionalExecutionQueue$ExecutionRunner.run(DefaultConditionalExecutionQueue.java:133)
	at java.base/java.util.concurrent.Executors$RunnableAdapter.call(Executors.java:572)
	at java.base/java.util.concurrent.FutureTask.run(FutureTask.java:317)
	at org.gradle.internal.concurrent.ExecutorPolicy$CatchAndRecordFailures.onExecute(ExecutorPolicy.java:64)
	at org.gradle.internal.concurrent.AbstractManagedExecutor$1.run(AbstractManagedExecutor.java:48)
	at java.base/java.util.concurrent.ThreadPoolExecutor.runWorker(ThreadPoolExecutor.java:1144)
	at java.base/java.util.concurrent.ThreadPoolExecutor$Worker.run(ThreadPoolExecutor.java:642)
	at java.base/java.lang.Thread.run(Thread.java:1583)

WARNING: D8: An error occurred when parsing kotlin metadata. This normally happens when using a newer version of kotlin than the kotlin version released when this version of R8 was created. To find compatible kotlin versions, please see: https://developer.android.com/studio/build/kotlin-d8-r8-versions
WARNING: D8: Unexpected error during rewriting of Kotlin metadata for class 'com.sevtinge.hyperceiler.module.hook.home.title.AppBlurAnim$init$$inlined$replaceMethod$9':
com.android.tools.r8.internal.nu0: Should never be called
	at com.android.tools.r8.kotlin.a0.a(R8_8.8.18_9b4b11a8a876a48ac24063637e04d2dfb3a8d86172b84ba7a90f97001fecb008:2)
	at com.android.tools.r8.kotlin.Z.a(R8_8.8.18_9b4b11a8a876a48ac24063637e04d2dfb3a8d86172b84ba7a90f97001fecb008:185)
	at com.android.tools.r8.kotlin.Z.a(R8_8.8.18_9b4b11a8a876a48ac24063637e04d2dfb3a8d86172b84ba7a90f97001fecb008:184)
	at com.android.tools.r8.internal.nq0.a(R8_8.8.18_9b4b11a8a876a48ac24063637e04d2dfb3a8d86172b84ba7a90f97001fecb008:23)
	at com.android.tools.r8.internal.nq0.a(R8_8.8.18_9b4b11a8a876a48ac24063637e04d2dfb3a8d86172b84ba7a90f97001fecb008:34)
	at com.android.tools.r8.internal.nq0.a(R8_8.8.18_9b4b11a8a876a48ac24063637e04d2dfb3a8d86172b84ba7a90f97001fecb008:17)
	at com.google.common.util.concurrent.TrustedListenableFutureTask$TrustedFutureInterruptibleTask.runInterruptibly(TrustedListenableFutureTask.java:131)
	at com.google.common.util.concurrent.InterruptibleTask.run(InterruptibleTask.java:75)
	at com.google.common.util.concurrent.TrustedListenableFutureTask.run(TrustedListenableFutureTask.java:82)
	at com.google.common.util.concurrent.MoreExecutors$DirectExecutorService.execute(MoreExecutors.java:327)
	at java.base/java.util.concurrent.AbstractExecutorService.submit(AbstractExecutorService.java:145)
	at com.google.common.util.concurrent.AbstractListeningExecutorService.submit(AbstractListeningExecutorService.java:79)
	at com.google.common.util.concurrent.AbstractListeningExecutorService.submit(AbstractListeningExecutorService.java:37)
	at com.android.tools.r8.internal.oq0.submit(R8_8.8.18_9b4b11a8a876a48ac24063637e04d2dfb3a8d86172b84ba7a90f97001fecb008:1)
	at com.android.tools.r8.internal.aq0.a(R8_8.8.18_9b4b11a8a876a48ac24063637e04d2dfb3a8d86172b84ba7a90f97001fecb008:1)
	at com.android.tools.r8.internal.nq0.a(R8_8.8.18_9b4b11a8a876a48ac24063637e04d2dfb3a8d86172b84ba7a90f97001fecb008:19)
	at com.android.tools.r8.internal.sx.a(R8_8.8.18_9b4b11a8a876a48ac24063637e04d2dfb3a8d86172b84ba7a90f97001fecb008:3)
	at java.base/java.util.ArrayList.forEach(ArrayList.java:1596)
	at com.android.tools.r8.internal.sx.a(R8_8.8.18_9b4b11a8a876a48ac24063637e04d2dfb3a8d86172b84ba7a90f97001fecb008:2)
	at com.android.tools.r8.internal.nq0.a(R8_8.8.18_9b4b11a8a876a48ac24063637e04d2dfb3a8d86172b84ba7a90f97001fecb008:10)
	at com.android.tools.r8.internal.nq0.a(R8_8.8.18_9b4b11a8a876a48ac24063637e04d2dfb3a8d86172b84ba7a90f97001fecb008:33)
	at com.android.tools.r8.internal.nq0.a(R8_8.8.18_9b4b11a8a876a48ac24063637e04d2dfb3a8d86172b84ba7a90f97001fecb008:25)
	at com.android.tools.r8.internal.nq0.a(R8_8.8.18_9b4b11a8a876a48ac24063637e04d2dfb3a8d86172b84ba7a90f97001fecb008:22)
	at com.android.tools.r8.K.a(R8_8.8.18_9b4b11a8a876a48ac24063637e04d2dfb3a8d86172b84ba7a90f97001fecb008:3)
	at com.android.tools.r8.kotlin.Z.a(R8_8.8.18_9b4b11a8a876a48ac24063637e04d2dfb3a8d86172b84ba7a90f97001fecb008:9)
	at com.android.tools.r8.D8.b(R8_8.8.18_9b4b11a8a876a48ac24063637e04d2dfb3a8d86172b84ba7a90f97001fecb008:17)
	at com.android.tools.r8.internal.Qq0.a(R8_8.8.18_9b4b11a8a876a48ac24063637e04d2dfb3a8d86172b84ba7a90f97001fecb008:57)
	at com.android.tools.r8.D8.a(R8_8.8.18_9b4b11a8a876a48ac24063637e04d2dfb3a8d86172b84ba7a90f97001fecb008:88)
	at com.android.tools.r8.D8.d(R8_8.8.18_9b4b11a8a876a48ac24063637e04d2dfb3a8d86172b84ba7a90f97001fecb008:137)
	at com.android.tools.r8.D8.b(R8_8.8.18_9b4b11a8a876a48ac24063637e04d2dfb3a8d86172b84ba7a90f97001fecb008:1)
	at com.android.tools.r8.internal.Fu.a(R8_8.8.18_9b4b11a8a876a48ac24063637e04d2dfb3a8d86172b84ba7a90f97001fecb008:28)
	at com.android.tools.r8.internal.Fu.b(R8_8.8.18_9b4b11a8a876a48ac24063637e04d2dfb3a8d86172b84ba7a90f97001fecb008:2)
	at com.android.tools.r8.D8.run(R8_8.8.18_9b4b11a8a876a48ac24063637e04d2dfb3a8d86172b84ba7a90f97001fecb008:11)
	at com.android.builder.dexing.D8DexArchiveBuilder.convert(D8DexArchiveBuilder.java:127)
	at com.android.build.gradle.internal.dexing.DexWorkActionKt.process(DexWorkAction.kt:178)
	at com.android.build.gradle.internal.dexing.DexWorkActionKt.processNonIncrementally(DexWorkAction.kt:146)
	at com.android.build.gradle.internal.dexing.DexWorkActionKt.launchProcessing(DexWorkAction.kt:73)
	at com.android.build.gradle.internal.dexing.DexWorkAction.run(DexWorkAction.kt:45)
	at com.android.build.gradle.internal.profile.ProfileAwareWorkAction.execute(ProfileAwareWorkAction.kt:74)
	at org.gradle.workers.internal.DefaultWorkerServer.execute(DefaultWorkerServer.java:63)
	at org.gradle.workers.internal.NoIsolationWorkerFactory$1$1.create(NoIsolationWorkerFactory.java:66)
	at org.gradle.workers.internal.NoIsolationWorkerFactory$1$1.create(NoIsolationWorkerFactory.java:62)
	at org.gradle.internal.classloader.ClassLoaderUtils.executeInClassloader(ClassLoaderUtils.java:100)
	at org.gradle.workers.internal.NoIsolationWorkerFactory$1.lambda$execute$0(NoIsolationWorkerFactory.java:62)
	at org.gradle.workers.internal.AbstractWorker$1.call(AbstractWorker.java:44)
	at org.gradle.workers.internal.AbstractWorker$1.call(AbstractWorker.java:41)
	at org.gradle.internal.operations.DefaultBuildOperationRunner$CallableBuildOperationWorker.execute(DefaultBuildOperationRunner.java:209)
	at org.gradle.internal.operations.DefaultBuildOperationRunner$CallableBuildOperationWorker.execute(DefaultBuildOperationRunner.java:204)
	at org.gradle.internal.operations.DefaultBuildOperationRunner$2.execute(DefaultBuildOperationRunner.java:66)
	at org.gradle.internal.operations.DefaultBuildOperationRunner$2.execute(DefaultBuildOperationRunner.java:59)
	at org.gradle.internal.operations.DefaultBuildOperationRunner.execute(DefaultBuildOperationRunner.java:166)
	at org.gradle.internal.operations.DefaultBuildOperationRunner.execute(DefaultBuildOperationRunner.java:59)
	at org.gradle.internal.operations.DefaultBuildOperationRunner.call(DefaultBuildOperationRunner.java:53)
	at org.gradle.workers.internal.AbstractWorker.executeWrappedInBuildOperation(AbstractWorker.java:41)
	at org.gradle.workers.internal.NoIsolationWorkerFactory$1.execute(NoIsolationWorkerFactory.java:59)
	at org.gradle.workers.internal.DefaultWorkerExecutor.lambda$submitWork$0(DefaultWorkerExecutor.java:174)
	at java.base/java.util.concurrent.FutureTask.run(FutureTask.java:317)
	at org.gradle.internal.work.DefaultConditionalExecutionQueue$ExecutionRunner.runExecution(DefaultConditionalExecutionQueue.java:194)
	at org.gradle.internal.work.DefaultConditionalExecutionQueue$ExecutionRunner.access$700(DefaultConditionalExecutionQueue.java:127)
	at org.gradle.internal.work.DefaultConditionalExecutionQueue$ExecutionRunner$1.run(DefaultConditionalExecutionQueue.java:169)
	at org.gradle.internal.Factories$1.create(Factories.java:31)
	at org.gradle.internal.work.DefaultWorkerLeaseService.withLocks(DefaultWorkerLeaseService.java:263)
	at org.gradle.internal.work.DefaultWorkerLeaseService.runAsWorkerThread(DefaultWorkerLeaseService.java:127)
	at org.gradle.internal.work.DefaultWorkerLeaseService.runAsWorkerThread(DefaultWorkerLeaseService.java:132)
	at org.gradle.internal.work.DefaultConditionalExecutionQueue$ExecutionRunner.runBatch(DefaultConditionalExecutionQueue.java:164)
	at org.gradle.internal.work.DefaultConditionalExecutionQueue$ExecutionRunner.run(DefaultConditionalExecutionQueue.java:133)
	at java.base/java.util.concurrent.Executors$RunnableAdapter.call(Executors.java:572)
	at java.base/java.util.concurrent.FutureTask.run(FutureTask.java:317)
	at org.gradle.internal.concurrent.ExecutorPolicy$CatchAndRecordFailures.onExecute(ExecutorPolicy.java:64)
	at org.gradle.internal.concurrent.AbstractManagedExecutor$1.run(AbstractManagedExecutor.java:48)
	at java.base/java.util.concurrent.ThreadPoolExecutor.runWorker(ThreadPoolExecutor.java:1144)
	at java.base/java.util.concurrent.ThreadPoolExecutor$Worker.run(ThreadPoolExecutor.java:642)
	at java.base/java.lang.Thread.run(Thread.java:1583)

WARNING: D8: An error occurred when parsing kotlin metadata. This normally happens when using a newer version of kotlin than the kotlin version released when this version of R8 was created. To find compatible kotlin versions, please see: https://developer.android.com/studio/build/kotlin-d8-r8-versions
WARNING: D8: Unexpected error during rewriting of Kotlin metadata for class 'com.sevtinge.hyperceiler.module.hook.securitycenter.other.NoLowBatteryWarning$init$settingHook$1':
com.android.tools.r8.internal.nu0: Should never be called
	at com.android.tools.r8.kotlin.a0.a(R8_8.8.18_9b4b11a8a876a48ac24063637e04d2dfb3a8d86172b84ba7a90f97001fecb008:2)
	at com.android.tools.r8.kotlin.Z.a(R8_8.8.18_9b4b11a8a876a48ac24063637e04d2dfb3a8d86172b84ba7a90f97001fecb008:185)
	at com.android.tools.r8.kotlin.Z.a(R8_8.8.18_9b4b11a8a876a48ac24063637e04d2dfb3a8d86172b84ba7a90f97001fecb008:184)
	at com.android.tools.r8.internal.nq0.a(R8_8.8.18_9b4b11a8a876a48ac24063637e04d2dfb3a8d86172b84ba7a90f97001fecb008:23)
	at com.android.tools.r8.internal.nq0.a(R8_8.8.18_9b4b11a8a876a48ac24063637e04d2dfb3a8d86172b84ba7a90f97001fecb008:34)
	at com.android.tools.r8.internal.nq0.a(R8_8.8.18_9b4b11a8a876a48ac24063637e04d2dfb3a8d86172b84ba7a90f97001fecb008:17)
	at com.google.common.util.concurrent.TrustedListenableFutureTask$TrustedFutureInterruptibleTask.runInterruptibly(TrustedListenableFutureTask.java:131)
	at com.google.common.util.concurrent.InterruptibleTask.run(InterruptibleTask.java:75)
	at com.google.common.util.concurrent.TrustedListenableFutureTask.run(TrustedListenableFutureTask.java:82)
	at com.google.common.util.concurrent.MoreExecutors$DirectExecutorService.execute(MoreExecutors.java:327)
	at java.base/java.util.concurrent.AbstractExecutorService.submit(AbstractExecutorService.java:145)
	at com.google.common.util.concurrent.AbstractListeningExecutorService.submit(AbstractListeningExecutorService.java:79)
	at com.google.common.util.concurrent.AbstractListeningExecutorService.submit(AbstractListeningExecutorService.java:37)
	at com.android.tools.r8.internal.oq0.submit(R8_8.8.18_9b4b11a8a876a48ac24063637e04d2dfb3a8d86172b84ba7a90f97001fecb008:1)
	at com.android.tools.r8.internal.aq0.a(R8_8.8.18_9b4b11a8a876a48ac24063637e04d2dfb3a8d86172b84ba7a90f97001fecb008:1)
	at com.android.tools.r8.internal.nq0.a(R8_8.8.18_9b4b11a8a876a48ac24063637e04d2dfb3a8d86172b84ba7a90f97001fecb008:19)
	at com.android.tools.r8.internal.sx.a(R8_8.8.18_9b4b11a8a876a48ac24063637e04d2dfb3a8d86172b84ba7a90f97001fecb008:3)
	at java.base/java.util.ArrayList.forEach(ArrayList.java:1596)
	at com.android.tools.r8.internal.sx.a(R8_8.8.18_9b4b11a8a876a48ac24063637e04d2dfb3a8d86172b84ba7a90f97001fecb008:2)
	at com.android.tools.r8.internal.nq0.a(R8_8.8.18_9b4b11a8a876a48ac24063637e04d2dfb3a8d86172b84ba7a90f97001fecb008:10)
	at com.android.tools.r8.internal.nq0.a(R8_8.8.18_9b4b11a8a876a48ac24063637e04d2dfb3a8d86172b84ba7a90f97001fecb008:33)
	at com.android.tools.r8.internal.nq0.a(R8_8.8.18_9b4b11a8a876a48ac24063637e04d2dfb3a8d86172b84ba7a90f97001fecb008:25)
	at com.android.tools.r8.internal.nq0.a(R8_8.8.18_9b4b11a8a876a48ac24063637e04d2dfb3a8d86172b84ba7a90f97001fecb008:22)
	at com.android.tools.r8.K.a(R8_8.8.18_9b4b11a8a876a48ac24063637e04d2dfb3a8d86172b84ba7a90f97001fecb008:3)
	at com.android.tools.r8.kotlin.Z.a(R8_8.8.18_9b4b11a8a876a48ac24063637e04d2dfb3a8d86172b84ba7a90f97001fecb008:9)
	at com.android.tools.r8.D8.b(R8_8.8.18_9b4b11a8a876a48ac24063637e04d2dfb3a8d86172b84ba7a90f97001fecb008:17)
	at com.android.tools.r8.internal.Qq0.a(R8_8.8.18_9b4b11a8a876a48ac24063637e04d2dfb3a8d86172b84ba7a90f97001fecb008:57)
	at com.android.tools.r8.D8.a(R8_8.8.18_9b4b11a8a876a48ac24063637e04d2dfb3a8d86172b84ba7a90f97001fecb008:88)
	at com.android.tools.r8.D8.d(R8_8.8.18_9b4b11a8a876a48ac24063637e04d2dfb3a8d86172b84ba7a90f97001fecb008:137)
	at com.android.tools.r8.D8.b(R8_8.8.18_9b4b11a8a876a48ac24063637e04d2dfb3a8d86172b84ba7a90f97001fecb008:1)
	at com.android.tools.r8.internal.Fu.a(R8_8.8.18_9b4b11a8a876a48ac24063637e04d2dfb3a8d86172b84ba7a90f97001fecb008:28)
	at com.android.tools.r8.internal.Fu.b(R8_8.8.18_9b4b11a8a876a48ac24063637e04d2dfb3a8d86172b84ba7a90f97001fecb008:2)
	at com.android.tools.r8.D8.run(R8_8.8.18_9b4b11a8a876a48ac24063637e04d2dfb3a8d86172b84ba7a90f97001fecb008:11)
	at com.android.builder.dexing.D8DexArchiveBuilder.convert(D8DexArchiveBuilder.java:127)
	at com.android.build.gradle.internal.dexing.DexWorkActionKt.process(DexWorkAction.kt:178)
	at com.android.build.gradle.internal.dexing.DexWorkActionKt.processNonIncrementally(DexWorkAction.kt:146)
	at com.android.build.gradle.internal.dexing.DexWorkActionKt.launchProcessing(DexWorkAction.kt:73)
	at com.android.build.gradle.internal.dexing.DexWorkAction.run(DexWorkAction.kt:45)
	at com.android.build.gradle.internal.profile.ProfileAwareWorkAction.execute(ProfileAwareWorkAction.kt:74)
	at org.gradle.workers.internal.DefaultWorkerServer.execute(DefaultWorkerServer.java:63)
	at org.gradle.workers.internal.NoIsolationWorkerFactory$1$1.create(NoIsolationWorkerFactory.java:66)
	at org.gradle.workers.internal.NoIsolationWorkerFactory$1$1.create(NoIsolationWorkerFactory.java:62)
	at org.gradle.internal.classloader.ClassLoaderUtils.executeInClassloader(ClassLoaderUtils.java:100)
	at org.gradle.workers.internal.NoIsolationWorkerFactory$1.lambda$execute$0(NoIsolationWorkerFactory.java:62)
	at org.gradle.workers.internal.AbstractWorker$1.call(AbstractWorker.java:44)
	at org.gradle.workers.internal.AbstractWorker$1.call(AbstractWorker.java:41)
	at org.gradle.internal.operations.DefaultBuildOperationRunner$CallableBuildOperationWorker.execute(DefaultBuildOperationRunner.java:209)
	at org.gradle.internal.operations.DefaultBuildOperationRunner$CallableBuildOperationWorker.execute(DefaultBuildOperationRunner.java:204)
	at org.gradle.internal.operations.DefaultBuildOperationRunner$2.execute(DefaultBuildOperationRunner.java:66)
	at org.gradle.internal.operations.DefaultBuildOperationRunner$2.execute(DefaultBuildOperationRunner.java:59)
	at org.gradle.internal.operations.DefaultBuildOperationRunner.execute(DefaultBuildOperationRunner.java:166)
	at org.gradle.internal.operations.DefaultBuildOperationRunner.execute(DefaultBuildOperationRunner.java:59)
	at org.gradle.internal.operations.DefaultBuildOperationRunner.call(DefaultBuildOperationRunner.java:53)
	at org.gradle.workers.internal.AbstractWorker.executeWrappedInBuildOperation(AbstractWorker.java:41)
	at org.gradle.workers.internal.NoIsolationWorkerFactory$1.execute(NoIsolationWorkerFactory.java:59)
	at org.gradle.workers.internal.DefaultWorkerExecutor.lambda$submitWork$0(DefaultWorkerExecutor.java:174)
	at java.base/java.util.concurrent.FutureTask.run(FutureTask.java:317)
	at org.gradle.internal.work.DefaultConditionalExecutionQueue$ExecutionRunner.runExecution(DefaultConditionalExecutionQueue.java:194)
	at org.gradle.internal.work.DefaultConditionalExecutionQueue$ExecutionRunner.access$700(DefaultConditionalExecutionQueue.java:127)
	at org.gradle.internal.work.DefaultConditionalExecutionQueue$ExecutionRunner$1.run(DefaultConditionalExecutionQueue.java:169)
	at org.gradle.internal.Factories$1.create(Factories.java:31)
	at org.gradle.internal.work.DefaultWorkerLeaseService.withLocks(DefaultWorkerLeaseService.java:263)
	at org.gradle.internal.work.DefaultWorkerLeaseService.runAsWorkerThread(DefaultWorkerLeaseService.java:127)
	at org.gradle.internal.work.DefaultWorkerLeaseService.runAsWorkerThread(DefaultWorkerLeaseService.java:132)
	at org.gradle.internal.work.DefaultConditionalExecutionQueue$ExecutionRunner.runBatch(DefaultConditionalExecutionQueue.java:164)
	at org.gradle.internal.work.DefaultConditionalExecutionQueue$ExecutionRunner.run(DefaultConditionalExecutionQueue.java:133)
	at java.base/java.util.concurrent.Executors$RunnableAdapter.call(Executors.java:572)
	at java.base/java.util.concurrent.FutureTask.run(FutureTask.java:317)
	at org.gradle.internal.concurrent.ExecutorPolicy$CatchAndRecordFailures.onExecute(ExecutorPolicy.java:64)
	at org.gradle.internal.concurrent.AbstractManagedExecutor$1.run(AbstractManagedExecutor.java:48)
	at java.base/java.util.concurrent.ThreadPoolExecutor.runWorker(ThreadPoolExecutor.java:1144)
	at java.base/java.util.concurrent.ThreadPoolExecutor$Worker.run(ThreadPoolExecutor.java:642)
	at java.base/java.lang.Thread.run(Thread.java:1583)

WARNING: D8: An error occurred when parsing kotlin metadata. This normally happens when using a newer version of kotlin than the kotlin version released when this version of R8 was created. To find compatible kotlin versions, please see: https://developer.android.com/studio/build/kotlin-d8-r8-versions
WARNING: D8: Unexpected error during rewriting of Kotlin metadata for class 'com.sevtinge.hyperceiler.module.hook.home.title.IconTitleColor$initForHomeLower9777$$inlined$hookAfterMethod$4':
com.android.tools.r8.internal.nu0: Should never be called
	at com.android.tools.r8.kotlin.a0.a(R8_8.8.18_9b4b11a8a876a48ac24063637e04d2dfb3a8d86172b84ba7a90f97001fecb008:2)
	at com.android.tools.r8.kotlin.Z.a(R8_8.8.18_9b4b11a8a876a48ac24063637e04d2dfb3a8d86172b84ba7a90f97001fecb008:185)
	at com.android.tools.r8.kotlin.Z.a(R8_8.8.18_9b4b11a8a876a48ac24063637e04d2dfb3a8d86172b84ba7a90f97001fecb008:184)
	at com.android.tools.r8.internal.nq0.a(R8_8.8.18_9b4b11a8a876a48ac24063637e04d2dfb3a8d86172b84ba7a90f97001fecb008:23)
	at com.android.tools.r8.internal.nq0.a(R8_8.8.18_9b4b11a8a876a48ac24063637e04d2dfb3a8d86172b84ba7a90f97001fecb008:34)
	at com.android.tools.r8.internal.nq0.a(R8_8.8.18_9b4b11a8a876a48ac24063637e04d2dfb3a8d86172b84ba7a90f97001fecb008:17)
	at com.google.common.util.concurrent.TrustedListenableFutureTask$TrustedFutureInterruptibleTask.runInterruptibly(TrustedListenableFutureTask.java:131)
	at com.google.common.util.concurrent.InterruptibleTask.run(InterruptibleTask.java:75)
	at com.google.common.util.concurrent.TrustedListenableFutureTask.run(TrustedListenableFutureTask.java:82)
	at com.google.common.util.concurrent.MoreExecutors$DirectExecutorService.execute(MoreExecutors.java:327)
	at java.base/java.util.concurrent.AbstractExecutorService.submit(AbstractExecutorService.java:145)
	at com.google.common.util.concurrent.AbstractListeningExecutorService.submit(AbstractListeningExecutorService.java:79)
	at com.google.common.util.concurrent.AbstractListeningExecutorService.submit(AbstractListeningExecutorService.java:37)
	at com.android.tools.r8.internal.oq0.submit(R8_8.8.18_9b4b11a8a876a48ac24063637e04d2dfb3a8d86172b84ba7a90f97001fecb008:1)
	at com.android.tools.r8.internal.aq0.a(R8_8.8.18_9b4b11a8a876a48ac24063637e04d2dfb3a8d86172b84ba7a90f97001fecb008:1)
	at com.android.tools.r8.internal.nq0.a(R8_8.8.18_9b4b11a8a876a48ac24063637e04d2dfb3a8d86172b84ba7a90f97001fecb008:19)
	at com.android.tools.r8.internal.sx.a(R8_8.8.18_9b4b11a8a876a48ac24063637e04d2dfb3a8d86172b84ba7a90f97001fecb008:3)
	at java.base/java.util.ArrayList.forEach(ArrayList.java:1596)
	at com.android.tools.r8.internal.sx.a(R8_8.8.18_9b4b11a8a876a48ac24063637e04d2dfb3a8d86172b84ba7a90f97001fecb008:2)
	at com.android.tools.r8.internal.nq0.a(R8_8.8.18_9b4b11a8a876a48ac24063637e04d2dfb3a8d86172b84ba7a90f97001fecb008:10)
	at com.android.tools.r8.internal.nq0.a(R8_8.8.18_9b4b11a8a876a48ac24063637e04d2dfb3a8d86172b84ba7a90f97001fecb008:33)
	at com.android.tools.r8.internal.nq0.a(R8_8.8.18_9b4b11a8a876a48ac24063637e04d2dfb3a8d86172b84ba7a90f97001fecb008:25)
	at com.android.tools.r8.internal.nq0.a(R8_8.8.18_9b4b11a8a876a48ac24063637e04d2dfb3a8d86172b84ba7a90f97001fecb008:22)
	at com.android.tools.r8.K.a(R8_8.8.18_9b4b11a8a876a48ac24063637e04d2dfb3a8d86172b84ba7a90f97001fecb008:3)
	at com.android.tools.r8.kotlin.Z.a(R8_8.8.18_9b4b11a8a876a48ac24063637e04d2dfb3a8d86172b84ba7a90f97001fecb008:9)
	at com.android.tools.r8.D8.b(R8_8.8.18_9b4b11a8a876a48ac24063637e04d2dfb3a8d86172b84ba7a90f97001fecb008:17)
	at com.android.tools.r8.internal.Qq0.a(R8_8.8.18_9b4b11a8a876a48ac24063637e04d2dfb3a8d86172b84ba7a90f97001fecb008:57)
	at com.android.tools.r8.D8.a(R8_8.8.18_9b4b11a8a876a48ac24063637e04d2dfb3a8d86172b84ba7a90f97001fecb008:88)
	at com.android.tools.r8.D8.d(R8_8.8.18_9b4b11a8a876a48ac24063637e04d2dfb3a8d86172b84ba7a90f97001fecb008:137)
	at com.android.tools.r8.D8.b(R8_8.8.18_9b4b11a8a876a48ac24063637e04d2dfb3a8d86172b84ba7a90f97001fecb008:1)
	at com.android.tools.r8.internal.Fu.a(R8_8.8.18_9b4b11a8a876a48ac24063637e04d2dfb3a8d86172b84ba7a90f97001fecb008:28)
	at com.android.tools.r8.internal.Fu.b(R8_8.8.18_9b4b11a8a876a48ac24063637e04d2dfb3a8d86172b84ba7a90f97001fecb008:2)
	at com.android.tools.r8.D8.run(R8_8.8.18_9b4b11a8a876a48ac24063637e04d2dfb3a8d86172b84ba7a90f97001fecb008:11)
	at com.android.builder.dexing.D8DexArchiveBuilder.convert(D8DexArchiveBuilder.java:127)
	at com.android.build.gradle.internal.dexing.DexWorkActionKt.process(DexWorkAction.kt:178)
	at com.android.build.gradle.internal.dexing.DexWorkActionKt.processNonIncrementally(DexWorkAction.kt:146)
	at com.android.build.gradle.internal.dexing.DexWorkActionKt.launchProcessing(DexWorkAction.kt:73)
	at com.android.build.gradle.internal.dexing.DexWorkAction.run(DexWorkAction.kt:45)
	at com.android.build.gradle.internal.profile.ProfileAwareWorkAction.execute(ProfileAwareWorkAction.kt:74)
	at org.gradle.workers.internal.DefaultWorkerServer.execute(DefaultWorkerServer.java:63)
	at org.gradle.workers.internal.NoIsolationWorkerFactory$1$1.create(NoIsolationWorkerFactory.java:66)
	at org.gradle.workers.internal.NoIsolationWorkerFactory$1$1.create(NoIsolationWorkerFactory.java:62)
	at org.gradle.internal.classloader.ClassLoaderUtils.executeInClassloader(ClassLoaderUtils.java:100)
	at org.gradle.workers.internal.NoIsolationWorkerFactory$1.lambda$execute$0(NoIsolationWorkerFactory.java:62)
	at org.gradle.workers.internal.AbstractWorker$1.call(AbstractWorker.java:44)
	at org.gradle.workers.internal.AbstractWorker$1.call(AbstractWorker.java:41)
	at org.gradle.internal.operations.DefaultBuildOperationRunner$CallableBuildOperationWorker.execute(DefaultBuildOperationRunner.java:209)
	at org.gradle.internal.operations.DefaultBuildOperationRunner$CallableBuildOperationWorker.execute(DefaultBuildOperationRunner.java:204)
	at org.gradle.internal.operations.DefaultBuildOperationRunner$2.execute(DefaultBuildOperationRunner.java:66)
	at org.gradle.internal.operations.DefaultBuildOperationRunner$2.execute(DefaultBuildOperationRunner.java:59)
	at org.gradle.internal.operations.DefaultBuildOperationRunner.execute(DefaultBuildOperationRunner.java:166)
	at org.gradle.internal.operations.DefaultBuildOperationRunner.execute(DefaultBuildOperationRunner.java:59)
	at org.gradle.internal.operations.DefaultBuildOperationRunner.call(DefaultBuildOperationRunner.java:53)
	at org.gradle.workers.internal.AbstractWorker.executeWrappedInBuildOperation(AbstractWorker.java:41)
	at org.gradle.workers.internal.NoIsolationWorkerFactory$1.execute(NoIsolationWorkerFactory.java:59)
	at org.gradle.workers.internal.DefaultWorkerExecutor.lambda$submitWork$0(DefaultWorkerExecutor.java:174)
	at java.base/java.util.concurrent.FutureTask.run(FutureTask.java:317)
	at org.gradle.internal.work.DefaultConditionalExecutionQueue$ExecutionRunner.runExecution(DefaultConditionalExecutionQueue.java:194)
	at org.gradle.internal.work.DefaultConditionalExecutionQueue$ExecutionRunner.access$700(DefaultConditionalExecutionQueue.java:127)
	at org.gradle.internal.work.DefaultConditionalExecutionQueue$ExecutionRunner$1.run(DefaultConditionalExecutionQueue.java:169)
	at org.gradle.internal.Factories$1.create(Factories.java:31)
	at org.gradle.internal.work.DefaultWorkerLeaseService.withLocks(DefaultWorkerLeaseService.java:263)
	at org.gradle.internal.work.DefaultWorkerLeaseService.runAsWorkerThread(DefaultWorkerLeaseService.java:127)
	at org.gradle.internal.work.DefaultWorkerLeaseService.runAsWorkerThread(DefaultWorkerLeaseService.java:132)
	at org.gradle.internal.work.DefaultConditionalExecutionQueue$ExecutionRunner.runBatch(DefaultConditionalExecutionQueue.java:164)
	at org.gradle.internal.work.DefaultConditionalExecutionQueue$ExecutionRunner.run(DefaultConditionalExecutionQueue.java:133)
	at java.base/java.util.concurrent.Executors$RunnableAdapter.call(Executors.java:572)
	at java.base/java.util.concurrent.FutureTask.run(FutureTask.java:317)
	at org.gradle.internal.concurrent.ExecutorPolicy$CatchAndRecordFailures.onExecute(ExecutorPolicy.java:64)
	at org.gradle.internal.concurrent.AbstractManagedExecutor$1.run(AbstractManagedExecutor.java:48)
	at java.base/java.util.concurrent.ThreadPoolExecutor.runWorker(ThreadPoolExecutor.java:1144)
	at java.base/java.util.concurrent.ThreadPoolExecutor$Worker.run(ThreadPoolExecutor.java:642)
	at java.base/java.lang.Thread.run(Thread.java:1583)

WARNING: D8: An error occurred when parsing kotlin metadata. This normally happens when using a newer version of kotlin than the kotlin version released when this version of R8 was created. To find compatible kotlin versions, please see: https://developer.android.com/studio/build/kotlin-d8-r8-versions
WARNING: D8: Unexpected error during rewriting of Kotlin metadata for class 'com.sevtinge.hyperceiler.module.hook.systemui.statusbar.clock.TimeStyle':
com.android.tools.r8.internal.nu0: Should never be called
	at com.android.tools.r8.kotlin.a0.a(R8_8.8.18_9b4b11a8a876a48ac24063637e04d2dfb3a8d86172b84ba7a90f97001fecb008:2)
	at com.android.tools.r8.kotlin.Z.a(R8_8.8.18_9b4b11a8a876a48ac24063637e04d2dfb3a8d86172b84ba7a90f97001fecb008:185)
	at com.android.tools.r8.kotlin.Z.a(R8_8.8.18_9b4b11a8a876a48ac24063637e04d2dfb3a8d86172b84ba7a90f97001fecb008:184)
	at com.android.tools.r8.internal.nq0.a(R8_8.8.18_9b4b11a8a876a48ac24063637e04d2dfb3a8d86172b84ba7a90f97001fecb008:23)
	at com.android.tools.r8.internal.nq0.a(R8_8.8.18_9b4b11a8a876a48ac24063637e04d2dfb3a8d86172b84ba7a90f97001fecb008:34)
	at com.android.tools.r8.internal.nq0.a(R8_8.8.18_9b4b11a8a876a48ac24063637e04d2dfb3a8d86172b84ba7a90f97001fecb008:17)
	at com.google.common.util.concurrent.TrustedListenableFutureTask$TrustedFutureInterruptibleTask.runInterruptibly(TrustedListenableFutureTask.java:131)
	at com.google.common.util.concurrent.InterruptibleTask.run(InterruptibleTask.java:75)
	at com.google.common.util.concurrent.TrustedListenableFutureTask.run(TrustedListenableFutureTask.java:82)
	at com.google.common.util.concurrent.MoreExecutors$DirectExecutorService.execute(MoreExecutors.java:327)
	at java.base/java.util.concurrent.AbstractExecutorService.submit(AbstractExecutorService.java:145)
	at com.google.common.util.concurrent.AbstractListeningExecutorService.submit(AbstractListeningExecutorService.java:79)
	at com.google.common.util.concurrent.AbstractListeningExecutorService.submit(AbstractListeningExecutorService.java:37)
	at com.android.tools.r8.internal.oq0.submit(R8_8.8.18_9b4b11a8a876a48ac24063637e04d2dfb3a8d86172b84ba7a90f97001fecb008:1)
	at com.android.tools.r8.internal.aq0.a(R8_8.8.18_9b4b11a8a876a48ac24063637e04d2dfb3a8d86172b84ba7a90f97001fecb008:1)
	at com.android.tools.r8.internal.nq0.a(R8_8.8.18_9b4b11a8a876a48ac24063637e04d2dfb3a8d86172b84ba7a90f97001fecb008:19)
	at com.android.tools.r8.internal.sx.a(R8_8.8.18_9b4b11a8a876a48ac24063637e04d2dfb3a8d86172b84ba7a90f97001fecb008:3)
	at java.base/java.util.ArrayList.forEach(ArrayList.java:1596)
	at com.android.tools.r8.internal.sx.a(R8_8.8.18_9b4b11a8a876a48ac24063637e04d2dfb3a8d86172b84ba7a90f97001fecb008:2)
	at com.android.tools.r8.internal.nq0.a(R8_8.8.18_9b4b11a8a876a48ac24063637e04d2dfb3a8d86172b84ba7a90f97001fecb008:10)
	at com.android.tools.r8.internal.nq0.a(R8_8.8.18_9b4b11a8a876a48ac24063637e04d2dfb3a8d86172b84ba7a90f97001fecb008:33)
	at com.android.tools.r8.internal.nq0.a(R8_8.8.18_9b4b11a8a876a48ac24063637e04d2dfb3a8d86172b84ba7a90f97001fecb008:25)
	at com.android.tools.r8.internal.nq0.a(R8_8.8.18_9b4b11a8a876a48ac24063637e04d2dfb3a8d86172b84ba7a90f97001fecb008:22)
	at com.android.tools.r8.K.a(R8_8.8.18_9b4b11a8a876a48ac24063637e04d2dfb3a8d86172b84ba7a90f97001fecb008:3)
	at com.android.tools.r8.kotlin.Z.a(R8_8.8.18_9b4b11a8a876a48ac24063637e04d2dfb3a8d86172b84ba7a90f97001fecb008:9)
	at com.android.tools.r8.D8.b(R8_8.8.18_9b4b11a8a876a48ac24063637e04d2dfb3a8d86172b84ba7a90f97001fecb008:17)
	at com.android.tools.r8.internal.Qq0.a(R8_8.8.18_9b4b11a8a876a48ac24063637e04d2dfb3a8d86172b84ba7a90f97001fecb008:57)
	at com.android.tools.r8.D8.a(R8_8.8.18_9b4b11a8a876a48ac24063637e04d2dfb3a8d86172b84ba7a90f97001fecb008:88)
	at com.android.tools.r8.D8.d(R8_8.8.18_9b4b11a8a876a48ac24063637e04d2dfb3a8d86172b84ba7a90f97001fecb008:137)
	at com.android.tools.r8.D8.b(R8_8.8.18_9b4b11a8a876a48ac24063637e04d2dfb3a8d86172b84ba7a90f97001fecb008:1)
	at com.android.tools.r8.internal.Fu.a(R8_8.8.18_9b4b11a8a876a48ac24063637e04d2dfb3a8d86172b84ba7a90f97001fecb008:28)
	at com.android.tools.r8.internal.Fu.b(R8_8.8.18_9b4b11a8a876a48ac24063637e04d2dfb3a8d86172b84ba7a90f97001fecb008:2)
	at com.android.tools.r8.D8.run(R8_8.8.18_9b4b11a8a876a48ac24063637e04d2dfb3a8d86172b84ba7a90f97001fecb008:11)
	at com.android.builder.dexing.D8DexArchiveBuilder.convert(D8DexArchiveBuilder.java:127)
	at com.android.build.gradle.internal.dexing.DexWorkActionKt.process(DexWorkAction.kt:178)
	at com.android.build.gradle.internal.dexing.DexWorkActionKt.processNonIncrementally(DexWorkAction.kt:146)
	at com.android.build.gradle.internal.dexing.DexWorkActionKt.launchProcessing(DexWorkAction.kt:73)
	at com.android.build.gradle.internal.dexing.DexWorkAction.run(DexWorkAction.kt:45)
	at com.android.build.gradle.internal.profile.ProfileAwareWorkAction.execute(ProfileAwareWorkAction.kt:74)
	at org.gradle.workers.internal.DefaultWorkerServer.execute(DefaultWorkerServer.java:63)
	at org.gradle.workers.internal.NoIsolationWorkerFactory$1$1.create(NoIsolationWorkerFactory.java:66)
	at org.gradle.workers.internal.NoIsolationWorkerFactory$1$1.create(NoIsolationWorkerFactory.java:62)
	at org.gradle.internal.classloader.ClassLoaderUtils.executeInClassloader(ClassLoaderUtils.java:100)
	at org.gradle.workers.internal.NoIsolationWorkerFactory$1.lambda$execute$0(NoIsolationWorkerFactory.java:62)
	at org.gradle.workers.internal.AbstractWorker$1.call(AbstractWorker.java:44)
	at org.gradle.workers.internal.AbstractWorker$1.call(AbstractWorker.java:41)
	at org.gradle.internal.operations.DefaultBuildOperationRunner$CallableBuildOperationWorker.execute(DefaultBuildOperationRunner.java:209)
	at org.gradle.internal.operations.DefaultBuildOperationRunner$CallableBuildOperationWorker.execute(DefaultBuildOperationRunner.java:204)
	at org.gradle.internal.operations.DefaultBuildOperationRunner$2.execute(DefaultBuildOperationRunner.java:66)
	at org.gradle.internal.operations.DefaultBuildOperationRunner$2.execute(DefaultBuildOperationRunner.java:59)
	at org.gradle.internal.operations.DefaultBuildOperationRunner.execute(DefaultBuildOperationRunner.java:166)
	at org.gradle.internal.operations.DefaultBuildOperationRunner.execute(DefaultBuildOperationRunner.java:59)
	at org.gradle.internal.operations.DefaultBuildOperationRunner.call(DefaultBuildOperationRunner.java:53)
	at org.gradle.workers.internal.AbstractWorker.executeWrappedInBuildOperation(AbstractWorker.java:41)
	at org.gradle.workers.internal.NoIsolationWorkerFactory$1.execute(NoIsolationWorkerFactory.java:59)
	at org.gradle.workers.internal.DefaultWorkerExecutor.lambda$submitWork$0(DefaultWorkerExecutor.java:174)
	at java.base/java.util.concurrent.FutureTask.run(FutureTask.java:317)
	at org.gradle.internal.work.DefaultConditionalExecutionQueue$ExecutionRunner.runExecution(DefaultConditionalExecutionQueue.java:194)
	at org.gradle.internal.work.DefaultConditionalExecutionQueue$ExecutionRunner.access$700(DefaultConditionalExecutionQueue.java:127)
	at org.gradle.internal.work.DefaultConditionalExecutionQueue$ExecutionRunner$1.run(DefaultConditionalExecutionQueue.java:169)
	at org.gradle.internal.Factories$1.create(Factories.java:31)
	at org.gradle.internal.work.DefaultWorkerLeaseService.withLocks(DefaultWorkerLeaseService.java:263)
	at org.gradle.internal.work.DefaultWorkerLeaseService.runAsWorkerThread(DefaultWorkerLeaseService.java:127)
	at org.gradle.internal.work.DefaultWorkerLeaseService.runAsWorkerThread(DefaultWorkerLeaseService.java:132)
	at org.gradle.internal.work.DefaultConditionalExecutionQueue$ExecutionRunner.runBatch(DefaultConditionalExecutionQueue.java:164)
	at org.gradle.internal.work.DefaultConditionalExecutionQueue$ExecutionRunner.run(DefaultConditionalExecutionQueue.java:133)
	at java.base/java.util.concurrent.Executors$RunnableAdapter.call(Executors.java:572)
	at java.base/java.util.concurrent.FutureTask.run(FutureTask.java:317)
	at org.gradle.internal.concurrent.ExecutorPolicy$CatchAndRecordFailures.onExecute(ExecutorPolicy.java:64)
	at org.gradle.internal.concurrent.AbstractManagedExecutor$1.run(AbstractManagedExecutor.java:48)
	at java.base/java.util.concurrent.ThreadPoolExecutor.runWorker(ThreadPoolExecutor.java:1144)
	at java.base/java.util.concurrent.ThreadPoolExecutor$Worker.run(ThreadPoolExecutor.java:642)
	at java.base/java.lang.Thread.run(Thread.java:1583)

WARNING: D8: An error occurred when parsing kotlin metadata. This normally happens when using a newer version of kotlin than the kotlin version released when this version of R8 was created. To find compatible kotlin versions, please see: https://developer.android.com/studio/build/kotlin-d8-r8-versions
WARNING: D8: Unexpected error during rewriting of Kotlin metadata for class 'com.sevtinge.hyperceiler.module.hook.systemui.plugin.HideCollpasedFootButton':
com.android.tools.r8.internal.nu0: Should never be called
	at com.android.tools.r8.kotlin.a0.a(R8_8.8.18_9b4b11a8a876a48ac24063637e04d2dfb3a8d86172b84ba7a90f97001fecb008:2)
	at com.android.tools.r8.kotlin.Z.a(R8_8.8.18_9b4b11a8a876a48ac24063637e04d2dfb3a8d86172b84ba7a90f97001fecb008:185)
	at com.android.tools.r8.kotlin.Z.a(R8_8.8.18_9b4b11a8a876a48ac24063637e04d2dfb3a8d86172b84ba7a90f97001fecb008:184)
	at com.android.tools.r8.internal.nq0.a(R8_8.8.18_9b4b11a8a876a48ac24063637e04d2dfb3a8d86172b84ba7a90f97001fecb008:23)
	at com.android.tools.r8.internal.nq0.a(R8_8.8.18_9b4b11a8a876a48ac24063637e04d2dfb3a8d86172b84ba7a90f97001fecb008:34)
	at com.android.tools.r8.internal.nq0.a(R8_8.8.18_9b4b11a8a876a48ac24063637e04d2dfb3a8d86172b84ba7a90f97001fecb008:17)
	at com.google.common.util.concurrent.TrustedListenableFutureTask$TrustedFutureInterruptibleTask.runInterruptibly(TrustedListenableFutureTask.java:131)
	at com.google.common.util.concurrent.InterruptibleTask.run(InterruptibleTask.java:75)
	at com.google.common.util.concurrent.TrustedListenableFutureTask.run(TrustedListenableFutureTask.java:82)
	at com.google.common.util.concurrent.MoreExecutors$DirectExecutorService.execute(MoreExecutors.java:327)
	at java.base/java.util.concurrent.AbstractExecutorService.submit(AbstractExecutorService.java:145)
	at com.google.common.util.concurrent.AbstractListeningExecutorService.submit(AbstractListeningExecutorService.java:79)
	at com.google.common.util.concurrent.AbstractListeningExecutorService.submit(AbstractListeningExecutorService.java:37)
	at com.android.tools.r8.internal.oq0.submit(R8_8.8.18_9b4b11a8a876a48ac24063637e04d2dfb3a8d86172b84ba7a90f97001fecb008:1)
	at com.android.tools.r8.internal.aq0.a(R8_8.8.18_9b4b11a8a876a48ac24063637e04d2dfb3a8d86172b84ba7a90f97001fecb008:1)
	at com.android.tools.r8.internal.nq0.a(R8_8.8.18_9b4b11a8a876a48ac24063637e04d2dfb3a8d86172b84ba7a90f97001fecb008:19)
	at com.android.tools.r8.internal.sx.a(R8_8.8.18_9b4b11a8a876a48ac24063637e04d2dfb3a8d86172b84ba7a90f97001fecb008:3)
	at java.base/java.util.ArrayList.forEach(ArrayList.java:1596)
	at com.android.tools.r8.internal.sx.a(R8_8.8.18_9b4b11a8a876a48ac24063637e04d2dfb3a8d86172b84ba7a90f97001fecb008:2)
	at com.android.tools.r8.internal.nq0.a(R8_8.8.18_9b4b11a8a876a48ac24063637e04d2dfb3a8d86172b84ba7a90f97001fecb008:10)
	at com.android.tools.r8.internal.nq0.a(R8_8.8.18_9b4b11a8a876a48ac24063637e04d2dfb3a8d86172b84ba7a90f97001fecb008:33)
	at com.android.tools.r8.internal.nq0.a(R8_8.8.18_9b4b11a8a876a48ac24063637e04d2dfb3a8d86172b84ba7a90f97001fecb008:25)
	at com.android.tools.r8.internal.nq0.a(R8_8.8.18_9b4b11a8a876a48ac24063637e04d2dfb3a8d86172b84ba7a90f97001fecb008:22)
	at com.android.tools.r8.K.a(R8_8.8.18_9b4b11a8a876a48ac24063637e04d2dfb3a8d86172b84ba7a90f97001fecb008:3)
	at com.android.tools.r8.kotlin.Z.a(R8_8.8.18_9b4b11a8a876a48ac24063637e04d2dfb3a8d86172b84ba7a90f97001fecb008:9)
	at com.android.tools.r8.D8.b(R8_8.8.18_9b4b11a8a876a48ac24063637e04d2dfb3a8d86172b84ba7a90f97001fecb008:17)
	at com.android.tools.r8.internal.Qq0.a(R8_8.8.18_9b4b11a8a876a48ac24063637e04d2dfb3a8d86172b84ba7a90f97001fecb008:57)
	at com.android.tools.r8.D8.a(R8_8.8.18_9b4b11a8a876a48ac24063637e04d2dfb3a8d86172b84ba7a90f97001fecb008:88)
	at com.android.tools.r8.D8.d(R8_8.8.18_9b4b11a8a876a48ac24063637e04d2dfb3a8d86172b84ba7a90f97001fecb008:137)
	at com.android.tools.r8.D8.b(R8_8.8.18_9b4b11a8a876a48ac24063637e04d2dfb3a8d86172b84ba7a90f97001fecb008:1)
	at com.android.tools.r8.internal.Fu.a(R8_8.8.18_9b4b11a8a876a48ac24063637e04d2dfb3a8d86172b84ba7a90f97001fecb008:28)
	at com.android.tools.r8.internal.Fu.b(R8_8.8.18_9b4b11a8a876a48ac24063637e04d2dfb3a8d86172b84ba7a90f97001fecb008:2)
	at com.android.tools.r8.D8.run(R8_8.8.18_9b4b11a8a876a48ac24063637e04d2dfb3a8d86172b84ba7a90f97001fecb008:11)
	at com.android.builder.dexing.D8DexArchiveBuilder.convert(D8DexArchiveBuilder.java:127)
	at com.android.build.gradle.internal.dexing.DexWorkActionKt.process(DexWorkAction.kt:178)
	at com.android.build.gradle.internal.dexing.DexWorkActionKt.processNonIncrementally(DexWorkAction.kt:146)
	at com.android.build.gradle.internal.dexing.DexWorkActionKt.launchProcessing(DexWorkAction.kt:73)
	at com.android.build.gradle.internal.dexing.DexWorkAction.run(DexWorkAction.kt:45)
	at com.android.build.gradle.internal.profile.ProfileAwareWorkAction.execute(ProfileAwareWorkAction.kt:74)
	at org.gradle.workers.internal.DefaultWorkerServer.execute(DefaultWorkerServer.java:63)
	at org.gradle.workers.internal.NoIsolationWorkerFactory$1$1.create(NoIsolationWorkerFactory.java:66)
	at org.gradle.workers.internal.NoIsolationWorkerFactory$1$1.create(NoIsolationWorkerFactory.java:62)
	at org.gradle.internal.classloader.ClassLoaderUtils.executeInClassloader(ClassLoaderUtils.java:100)
	at org.gradle.workers.internal.NoIsolationWorkerFactory$1.lambda$execute$0(NoIsolationWorkerFactory.java:62)
	at org.gradle.workers.internal.AbstractWorker$1.call(AbstractWorker.java:44)
	at org.gradle.workers.internal.AbstractWorker$1.call(AbstractWorker.java:41)
	at org.gradle.internal.operations.DefaultBuildOperationRunner$CallableBuildOperationWorker.execute(DefaultBuildOperationRunner.java:209)
	at org.gradle.internal.operations.DefaultBuildOperationRunner$CallableBuildOperationWorker.execute(DefaultBuildOperationRunner.java:204)
	at org.gradle.internal.operations.DefaultBuildOperationRunner$2.execute(DefaultBuildOperationRunner.java:66)
	at org.gradle.internal.operations.DefaultBuildOperationRunner$2.execute(DefaultBuildOperationRunner.java:59)
	at org.gradle.internal.operations.DefaultBuildOperationRunner.execute(DefaultBuildOperationRunner.java:166)
	at org.gradle.internal.operations.DefaultBuildOperationRunner.execute(DefaultBuildOperationRunner.java:59)
	at org.gradle.internal.operations.DefaultBuildOperationRunner.call(DefaultBuildOperationRunner.java:53)
	at org.gradle.workers.internal.AbstractWorker.executeWrappedInBuildOperation(AbstractWorker.java:41)
	at org.gradle.workers.internal.NoIsolationWorkerFactory$1.execute(NoIsolationWorkerFactory.java:59)
	at org.gradle.workers.internal.DefaultWorkerExecutor.lambda$submitWork$0(DefaultWorkerExecutor.java:174)
	at java.base/java.util.concurrent.FutureTask.run(FutureTask.java:317)
	at org.gradle.internal.work.DefaultConditionalExecutionQueue$ExecutionRunner.runExecution(DefaultConditionalExecutionQueue.java:194)
	at org.gradle.internal.work.DefaultConditionalExecutionQueue$ExecutionRunner.access$700(DefaultConditionalExecutionQueue.java:127)
	at org.gradle.internal.work.DefaultConditionalExecutionQueue$ExecutionRunner$1.run(DefaultConditionalExecutionQueue.java:169)
	at org.gradle.internal.Factories$1.create(Factories.java:31)
	at org.gradle.internal.work.DefaultWorkerLeaseService.withLocks(DefaultWorkerLeaseService.java:263)
	at org.gradle.internal.work.DefaultWorkerLeaseService.runAsWorkerThread(DefaultWorkerLeaseService.java:127)
	at org.gradle.internal.work.DefaultWorkerLeaseService.runAsWorkerThread(DefaultWorkerLeaseService.java:132)
	at org.gradle.internal.work.DefaultConditionalExecutionQueue$ExecutionRunner.runBatch(DefaultConditionalExecutionQueue.java:164)
	at org.gradle.internal.work.DefaultConditionalExecutionQueue$ExecutionRunner.run(DefaultConditionalExecutionQueue.java:133)
	at java.base/java.util.concurrent.Executors$RunnableAdapter.call(Executors.java:572)
	at java.base/java.util.concurrent.FutureTask.run(FutureTask.java:317)
	at org.gradle.internal.concurrent.ExecutorPolicy$CatchAndRecordFailures.onExecute(ExecutorPolicy.java:64)
	at org.gradle.internal.concurrent.AbstractManagedExecutor$1.run(AbstractManagedExecutor.java:48)
	at java.base/java.util.concurrent.ThreadPoolExecutor.runWorker(ThreadPoolExecutor.java:1144)
	at java.base/java.util.concurrent.ThreadPoolExecutor$Worker.run(ThreadPoolExecutor.java:642)
	at java.base/java.lang.Thread.run(Thread.java:1583)

WARNING: D8: An error occurred when parsing kotlin metadata. This normally happens when using a newer version of kotlin than the kotlin version released when this version of R8 was created. To find compatible kotlin versions, please see: https://developer.android.com/studio/build/kotlin-d8-r8-versions
WARNING: D8: Unexpected error during rewriting of Kotlin metadata for class 'com.sevtinge.hyperceiler.module.hook.systemui.controlcenter.AddBlurEffectToNotificationView$init$8':
com.android.tools.r8.internal.nu0: Should never be called
	at com.android.tools.r8.kotlin.a0.a(R8_8.8.18_9b4b11a8a876a48ac24063637e04d2dfb3a8d86172b84ba7a90f97001fecb008:2)
	at com.android.tools.r8.kotlin.Z.a(R8_8.8.18_9b4b11a8a876a48ac24063637e04d2dfb3a8d86172b84ba7a90f97001fecb008:185)
	at com.android.tools.r8.kotlin.Z.a(R8_8.8.18_9b4b11a8a876a48ac24063637e04d2dfb3a8d86172b84ba7a90f97001fecb008:184)
	at com.android.tools.r8.internal.nq0.a(R8_8.8.18_9b4b11a8a876a48ac24063637e04d2dfb3a8d86172b84ba7a90f97001fecb008:23)
	at com.android.tools.r8.internal.nq0.a(R8_8.8.18_9b4b11a8a876a48ac24063637e04d2dfb3a8d86172b84ba7a90f97001fecb008:34)
	at com.android.tools.r8.internal.nq0.a(R8_8.8.18_9b4b11a8a876a48ac24063637e04d2dfb3a8d86172b84ba7a90f97001fecb008:17)
	at com.google.common.util.concurrent.TrustedListenableFutureTask$TrustedFutureInterruptibleTask.runInterruptibly(TrustedListenableFutureTask.java:131)
	at com.google.common.util.concurrent.InterruptibleTask.run(InterruptibleTask.java:75)
	at com.google.common.util.concurrent.TrustedListenableFutureTask.run(TrustedListenableFutureTask.java:82)
	at com.google.common.util.concurrent.MoreExecutors$DirectExecutorService.execute(MoreExecutors.java:327)
	at java.base/java.util.concurrent.AbstractExecutorService.submit(AbstractExecutorService.java:145)
	at com.google.common.util.concurrent.AbstractListeningExecutorService.submit(AbstractListeningExecutorService.java:79)
	at com.google.common.util.concurrent.AbstractListeningExecutorService.submit(AbstractListeningExecutorService.java:37)
	at com.android.tools.r8.internal.oq0.submit(R8_8.8.18_9b4b11a8a876a48ac24063637e04d2dfb3a8d86172b84ba7a90f97001fecb008:1)
	at com.android.tools.r8.internal.aq0.a(R8_8.8.18_9b4b11a8a876a48ac24063637e04d2dfb3a8d86172b84ba7a90f97001fecb008:1)
	at com.android.tools.r8.internal.nq0.a(R8_8.8.18_9b4b11a8a876a48ac24063637e04d2dfb3a8d86172b84ba7a90f97001fecb008:19)
	at com.android.tools.r8.internal.sx.a(R8_8.8.18_9b4b11a8a876a48ac24063637e04d2dfb3a8d86172b84ba7a90f97001fecb008:3)
	at java.base/java.util.ArrayList.forEach(ArrayList.java:1596)
	at com.android.tools.r8.internal.sx.a(R8_8.8.18_9b4b11a8a876a48ac24063637e04d2dfb3a8d86172b84ba7a90f97001fecb008:2)
	at com.android.tools.r8.internal.nq0.a(R8_8.8.18_9b4b11a8a876a48ac24063637e04d2dfb3a8d86172b84ba7a90f97001fecb008:10)
	at com.android.tools.r8.internal.nq0.a(R8_8.8.18_9b4b11a8a876a48ac24063637e04d2dfb3a8d86172b84ba7a90f97001fecb008:33)
	at com.android.tools.r8.internal.nq0.a(R8_8.8.18_9b4b11a8a876a48ac24063637e04d2dfb3a8d86172b84ba7a90f97001fecb008:25)
	at com.android.tools.r8.internal.nq0.a(R8_8.8.18_9b4b11a8a876a48ac24063637e04d2dfb3a8d86172b84ba7a90f97001fecb008:22)
	at com.android.tools.r8.K.a(R8_8.8.18_9b4b11a8a876a48ac24063637e04d2dfb3a8d86172b84ba7a90f97001fecb008:3)
	at com.android.tools.r8.kotlin.Z.a(R8_8.8.18_9b4b11a8a876a48ac24063637e04d2dfb3a8d86172b84ba7a90f97001fecb008:9)
	at com.android.tools.r8.D8.b(R8_8.8.18_9b4b11a8a876a48ac24063637e04d2dfb3a8d86172b84ba7a90f97001fecb008:17)
	at com.android.tools.r8.internal.Qq0.a(R8_8.8.18_9b4b11a8a876a48ac24063637e04d2dfb3a8d86172b84ba7a90f97001fecb008:57)
	at com.android.tools.r8.D8.a(R8_8.8.18_9b4b11a8a876a48ac24063637e04d2dfb3a8d86172b84ba7a90f97001fecb008:88)
	at com.android.tools.r8.D8.d(R8_8.8.18_9b4b11a8a876a48ac24063637e04d2dfb3a8d86172b84ba7a90f97001fecb008:137)
	at com.android.tools.r8.D8.b(R8_8.8.18_9b4b11a8a876a48ac24063637e04d2dfb3a8d86172b84ba7a90f97001fecb008:1)
	at com.android.tools.r8.internal.Fu.a(R8_8.8.18_9b4b11a8a876a48ac24063637e04d2dfb3a8d86172b84ba7a90f97001fecb008:28)
	at com.android.tools.r8.internal.Fu.b(R8_8.8.18_9b4b11a8a876a48ac24063637e04d2dfb3a8d86172b84ba7a90f97001fecb008:2)
	at com.android.tools.r8.D8.run(R8_8.8.18_9b4b11a8a876a48ac24063637e04d2dfb3a8d86172b84ba7a90f97001fecb008:11)
	at com.android.builder.dexing.D8DexArchiveBuilder.convert(D8DexArchiveBuilder.java:127)
	at com.android.build.gradle.internal.dexing.DexWorkActionKt.process(DexWorkAction.kt:178)
	at com.android.build.gradle.internal.dexing.DexWorkActionKt.processNonIncrementally(DexWorkAction.kt:146)
	at com.android.build.gradle.internal.dexing.DexWorkActionKt.launchProcessing(DexWorkAction.kt:73)
	at com.android.build.gradle.internal.dexing.DexWorkAction.run(DexWorkAction.kt:45)
	at com.android.build.gradle.internal.profile.ProfileAwareWorkAction.execute(ProfileAwareWorkAction.kt:74)
	at org.gradle.workers.internal.DefaultWorkerServer.execute(DefaultWorkerServer.java:63)
	at org.gradle.workers.internal.NoIsolationWorkerFactory$1$1.create(NoIsolationWorkerFactory.java:66)
	at org.gradle.workers.internal.NoIsolationWorkerFactory$1$1.create(NoIsolationWorkerFactory.java:62)
	at org.gradle.internal.classloader.ClassLoaderUtils.executeInClassloader(ClassLoaderUtils.java:100)
	at org.gradle.workers.internal.NoIsolationWorkerFactory$1.lambda$execute$0(NoIsolationWorkerFactory.java:62)
	at org.gradle.workers.internal.AbstractWorker$1.call(AbstractWorker.java:44)
	at org.gradle.workers.internal.AbstractWorker$1.call(AbstractWorker.java:41)
	at org.gradle.internal.operations.DefaultBuildOperationRunner$CallableBuildOperationWorker.execute(DefaultBuildOperationRunner.java:209)
	at org.gradle.internal.operations.DefaultBuildOperationRunner$CallableBuildOperationWorker.execute(DefaultBuildOperationRunner.java:204)
	at org.gradle.internal.operations.DefaultBuildOperationRunner$2.execute(DefaultBuildOperationRunner.java:66)
	at org.gradle.internal.operations.DefaultBuildOperationRunner$2.execute(DefaultBuildOperationRunner.java:59)
	at org.gradle.internal.operations.DefaultBuildOperationRunner.execute(DefaultBuildOperationRunner.java:166)
	at org.gradle.internal.operations.DefaultBuildOperationRunner.execute(DefaultBuildOperationRunner.java:59)
	at org.gradle.internal.operations.DefaultBuildOperationRunner.call(DefaultBuildOperationRunner.java:53)
	at org.gradle.workers.internal.AbstractWorker.executeWrappedInBuildOperation(AbstractWorker.java:41)
	at org.gradle.workers.internal.NoIsolationWorkerFactory$1.execute(NoIsolationWorkerFactory.java:59)
	at org.gradle.workers.internal.DefaultWorkerExecutor.lambda$submitWork$0(DefaultWorkerExecutor.java:174)
	at java.base/java.util.concurrent.FutureTask.run(FutureTask.java:317)
	at org.gradle.internal.work.DefaultConditionalExecutionQueue$ExecutionRunner.runExecution(DefaultConditionalExecutionQueue.java:194)
	at org.gradle.internal.work.DefaultConditionalExecutionQueue$ExecutionRunner.access$700(DefaultConditionalExecutionQueue.java:127)
	at org.gradle.internal.work.DefaultConditionalExecutionQueue$ExecutionRunner$1.run(DefaultConditionalExecutionQueue.java:169)
	at org.gradle.internal.Factories$1.create(Factories.java:31)
	at org.gradle.internal.work.DefaultWorkerLeaseService.withLocks(DefaultWorkerLeaseService.java:263)
	at org.gradle.internal.work.DefaultWorkerLeaseService.runAsWorkerThread(DefaultWorkerLeaseService.java:127)
	at org.gradle.internal.work.DefaultWorkerLeaseService.runAsWorkerThread(DefaultWorkerLeaseService.java:132)
	at org.gradle.internal.work.DefaultConditionalExecutionQueue$ExecutionRunner.runBatch(DefaultConditionalExecutionQueue.java:164)
	at org.gradle.internal.work.DefaultConditionalExecutionQueue$ExecutionRunner.run(DefaultConditionalExecutionQueue.java:133)
	at java.base/java.util.concurrent.Executors$RunnableAdapter.call(Executors.java:572)
	at java.base/java.util.concurrent.FutureTask.run(FutureTask.java:317)
	at org.gradle.internal.concurrent.ExecutorPolicy$CatchAndRecordFailures.onExecute(ExecutorPolicy.java:64)
	at org.gradle.internal.concurrent.AbstractManagedExecutor$1.run(AbstractManagedExecutor.java:48)
	at java.base/java.util.concurrent.ThreadPoolExecutor.runWorker(ThreadPoolExecutor.java:1144)
	at java.base/java.util.concurrent.ThreadPoolExecutor$Worker.run(ThreadPoolExecutor.java:642)
	at java.base/java.lang.Thread.run(Thread.java:1583)

WARNING: D8: An error occurred when parsing kotlin metadata. This normally happens when using a newer version of kotlin than the kotlin version released when this version of R8 was created. To find compatible kotlin versions, please see: https://developer.android.com/studio/build/kotlin-d8-r8-versions
WARNING: D8: Unexpected error during rewriting of Kotlin metadata for class 'com.sevtinge.hyperceiler.utils.api.HyperHelperApis':
com.android.tools.r8.internal.nu0: Should never be called
	at com.android.tools.r8.kotlin.a0.a(R8_8.8.18_9b4b11a8a876a48ac24063637e04d2dfb3a8d86172b84ba7a90f97001fecb008:2)
	at com.android.tools.r8.kotlin.Z.a(R8_8.8.18_9b4b11a8a876a48ac24063637e04d2dfb3a8d86172b84ba7a90f97001fecb008:185)
	at com.android.tools.r8.kotlin.Z.a(R8_8.8.18_9b4b11a8a876a48ac24063637e04d2dfb3a8d86172b84ba7a90f97001fecb008:184)
	at com.android.tools.r8.internal.nq0.a(R8_8.8.18_9b4b11a8a876a48ac24063637e04d2dfb3a8d86172b84ba7a90f97001fecb008:23)
	at com.android.tools.r8.internal.nq0.a(R8_8.8.18_9b4b11a8a876a48ac24063637e04d2dfb3a8d86172b84ba7a90f97001fecb008:34)
	at com.android.tools.r8.internal.nq0.a(R8_8.8.18_9b4b11a8a876a48ac24063637e04d2dfb3a8d86172b84ba7a90f97001fecb008:17)
	at com.google.common.util.concurrent.TrustedListenableFutureTask$TrustedFutureInterruptibleTask.runInterruptibly(TrustedListenableFutureTask.java:131)
	at com.google.common.util.concurrent.InterruptibleTask.run(InterruptibleTask.java:75)
	at com.google.common.util.concurrent.TrustedListenableFutureTask.run(TrustedListenableFutureTask.java:82)
	at com.google.common.util.concurrent.MoreExecutors$DirectExecutorService.execute(MoreExecutors.java:327)
	at java.base/java.util.concurrent.AbstractExecutorService.submit(AbstractExecutorService.java:145)
	at com.google.common.util.concurrent.AbstractListeningExecutorService.submit(AbstractListeningExecutorService.java:79)
	at com.google.common.util.concurrent.AbstractListeningExecutorService.submit(AbstractListeningExecutorService.java:37)
	at com.android.tools.r8.internal.oq0.submit(R8_8.8.18_9b4b11a8a876a48ac24063637e04d2dfb3a8d86172b84ba7a90f97001fecb008:1)
	at com.android.tools.r8.internal.aq0.a(R8_8.8.18_9b4b11a8a876a48ac24063637e04d2dfb3a8d86172b84ba7a90f97001fecb008:1)
	at com.android.tools.r8.internal.nq0.a(R8_8.8.18_9b4b11a8a876a48ac24063637e04d2dfb3a8d86172b84ba7a90f97001fecb008:19)
	at com.android.tools.r8.internal.sx.a(R8_8.8.18_9b4b11a8a876a48ac24063637e04d2dfb3a8d86172b84ba7a90f97001fecb008:3)
	at java.base/java.util.ArrayList.forEach(ArrayList.java:1596)
	at com.android.tools.r8.internal.sx.a(R8_8.8.18_9b4b11a8a876a48ac24063637e04d2dfb3a8d86172b84ba7a90f97001fecb008:2)
	at com.android.tools.r8.internal.nq0.a(R8_8.8.18_9b4b11a8a876a48ac24063637e04d2dfb3a8d86172b84ba7a90f97001fecb008:10)
	at com.android.tools.r8.internal.nq0.a(R8_8.8.18_9b4b11a8a876a48ac24063637e04d2dfb3a8d86172b84ba7a90f97001fecb008:33)
	at com.android.tools.r8.internal.nq0.a(R8_8.8.18_9b4b11a8a876a48ac24063637e04d2dfb3a8d86172b84ba7a90f97001fecb008:25)
	at com.android.tools.r8.internal.nq0.a(R8_8.8.18_9b4b11a8a876a48ac24063637e04d2dfb3a8d86172b84ba7a90f97001fecb008:22)
	at com.android.tools.r8.K.a(R8_8.8.18_9b4b11a8a876a48ac24063637e04d2dfb3a8d86172b84ba7a90f97001fecb008:3)
	at com.android.tools.r8.kotlin.Z.a(R8_8.8.18_9b4b11a8a876a48ac24063637e04d2dfb3a8d86172b84ba7a90f97001fecb008:9)
	at com.android.tools.r8.D8.b(R8_8.8.18_9b4b11a8a876a48ac24063637e04d2dfb3a8d86172b84ba7a90f97001fecb008:17)
	at com.android.tools.r8.internal.Qq0.a(R8_8.8.18_9b4b11a8a876a48ac24063637e04d2dfb3a8d86172b84ba7a90f97001fecb008:57)
	at com.android.tools.r8.D8.a(R8_8.8.18_9b4b11a8a876a48ac24063637e04d2dfb3a8d86172b84ba7a90f97001fecb008:88)
	at com.android.tools.r8.D8.d(R8_8.8.18_9b4b11a8a876a48ac24063637e04d2dfb3a8d86172b84ba7a90f97001fecb008:137)
	at com.android.tools.r8.D8.b(R8_8.8.18_9b4b11a8a876a48ac24063637e04d2dfb3a8d86172b84ba7a90f97001fecb008:1)
	at com.android.tools.r8.internal.Fu.a(R8_8.8.18_9b4b11a8a876a48ac24063637e04d2dfb3a8d86172b84ba7a90f97001fecb008:28)
	at com.android.tools.r8.internal.Fu.b(R8_8.8.18_9b4b11a8a876a48ac24063637e04d2dfb3a8d86172b84ba7a90f97001fecb008:2)
	at com.android.tools.r8.D8.run(R8_8.8.18_9b4b11a8a876a48ac24063637e04d2dfb3a8d86172b84ba7a90f97001fecb008:11)
	at com.android.builder.dexing.D8DexArchiveBuilder.convert(D8DexArchiveBuilder.java:127)
	at com.android.build.gradle.internal.dexing.DexWorkActionKt.process(DexWorkAction.kt:178)
	at com.android.build.gradle.internal.dexing.DexWorkActionKt.processNonIncrementally(DexWorkAction.kt:146)
	at com.android.build.gradle.internal.dexing.DexWorkActionKt.launchProcessing(DexWorkAction.kt:73)
	at com.android.build.gradle.internal.dexing.DexWorkAction.run(DexWorkAction.kt:45)
	at com.android.build.gradle.internal.profile.ProfileAwareWorkAction.execute(ProfileAwareWorkAction.kt:74)
	at org.gradle.workers.internal.DefaultWorkerServer.execute(DefaultWorkerServer.java:63)
	at org.gradle.workers.internal.NoIsolationWorkerFactory$1$1.create(NoIsolationWorkerFactory.java:66)
	at org.gradle.workers.internal.NoIsolationWorkerFactory$1$1.create(NoIsolationWorkerFactory.java:62)
	at org.gradle.internal.classloader.ClassLoaderUtils.executeInClassloader(ClassLoaderUtils.java:100)
	at org.gradle.workers.internal.NoIsolationWorkerFactory$1.lambda$execute$0(NoIsolationWorkerFactory.java:62)
	at org.gradle.workers.internal.AbstractWorker$1.call(AbstractWorker.java:44)
	at org.gradle.workers.internal.AbstractWorker$1.call(AbstractWorker.java:41)
	at org.gradle.internal.operations.DefaultBuildOperationRunner$CallableBuildOperationWorker.execute(DefaultBuildOperationRunner.java:209)
	at org.gradle.internal.operations.DefaultBuildOperationRunner$CallableBuildOperationWorker.execute(DefaultBuildOperationRunner.java:204)
	at org.gradle.internal.operations.DefaultBuildOperationRunner$2.execute(DefaultBuildOperationRunner.java:66)
	at org.gradle.internal.operations.DefaultBuildOperationRunner$2.execute(DefaultBuildOperationRunner.java:59)
	at org.gradle.internal.operations.DefaultBuildOperationRunner.execute(DefaultBuildOperationRunner.java:166)
	at org.gradle.internal.operations.DefaultBuildOperationRunner.execute(DefaultBuildOperationRunner.java:59)
	at org.gradle.internal.operations.DefaultBuildOperationRunner.call(DefaultBuildOperationRunner.java:53)
	at org.gradle.workers.internal.AbstractWorker.executeWrappedInBuildOperation(AbstractWorker.java:41)
	at org.gradle.workers.internal.NoIsolationWorkerFactory$1.execute(NoIsolationWorkerFactory.java:59)
	at org.gradle.workers.internal.DefaultWorkerExecutor.lambda$submitWork$0(DefaultWorkerExecutor.java:174)
	at java.base/java.util.concurrent.FutureTask.run(FutureTask.java:317)
	at org.gradle.internal.work.DefaultConditionalExecutionQueue$ExecutionRunner.runExecution(DefaultConditionalExecutionQueue.java:194)
	at org.gradle.internal.work.DefaultConditionalExecutionQueue$ExecutionRunner.access$700(DefaultConditionalExecutionQueue.java:127)
	at org.gradle.internal.work.DefaultConditionalExecutionQueue$ExecutionRunner$1.run(DefaultConditionalExecutionQueue.java:169)
	at org.gradle.internal.Factories$1.create(Factories.java:31)
	at org.gradle.internal.work.DefaultWorkerLeaseService.withLocks(DefaultWorkerLeaseService.java:263)
	at org.gradle.internal.work.DefaultWorkerLeaseService.runAsWorkerThread(DefaultWorkerLeaseService.java:127)
	at org.gradle.internal.work.DefaultWorkerLeaseService.runAsWorkerThread(DefaultWorkerLeaseService.java:132)
	at org.gradle.internal.work.DefaultConditionalExecutionQueue$ExecutionRunner.runBatch(DefaultConditionalExecutionQueue.java:164)
	at org.gradle.internal.work.DefaultConditionalExecutionQueue$ExecutionRunner.run(DefaultConditionalExecutionQueue.java:133)
	at java.base/java.util.concurrent.Executors$RunnableAdapter.call(Executors.java:572)
	at java.base/java.util.concurrent.FutureTask.run(FutureTask.java:317)
	at org.gradle.internal.concurrent.ExecutorPolicy$CatchAndRecordFailures.onExecute(ExecutorPolicy.java:64)
	at org.gradle.internal.concurrent.AbstractManagedExecutor$1.run(AbstractManagedExecutor.java:48)
	at java.base/java.util.concurrent.ThreadPoolExecutor.runWorker(ThreadPoolExecutor.java:1144)
	at java.base/java.util.concurrent.ThreadPoolExecutor$Worker.run(ThreadPoolExecutor.java:642)
	at java.base/java.lang.Thread.run(Thread.java:1583)

WARNING: D8: An error occurred when parsing kotlin metadata. This normally happens when using a newer version of kotlin than the kotlin version released when this version of R8 was created. To find compatible kotlin versions, please see: https://developer.android.com/studio/build/kotlin-d8-r8-versions
WARNING: D8: Unexpected error during rewriting of Kotlin metadata for class 'com.sevtinge.hyperceiler.module.hook.home.layout.HotSeatsHeight':
com.android.tools.r8.internal.nu0: Should never be called
	at com.android.tools.r8.kotlin.a0.a(R8_8.8.18_9b4b11a8a876a48ac24063637e04d2dfb3a8d86172b84ba7a90f97001fecb008:2)
	at com.android.tools.r8.kotlin.Z.a(R8_8.8.18_9b4b11a8a876a48ac24063637e04d2dfb3a8d86172b84ba7a90f97001fecb008:185)
	at com.android.tools.r8.kotlin.Z.a(R8_8.8.18_9b4b11a8a876a48ac24063637e04d2dfb3a8d86172b84ba7a90f97001fecb008:184)
	at com.android.tools.r8.internal.nq0.a(R8_8.8.18_9b4b11a8a876a48ac24063637e04d2dfb3a8d86172b84ba7a90f97001fecb008:23)
	at com.android.tools.r8.internal.nq0.a(R8_8.8.18_9b4b11a8a876a48ac24063637e04d2dfb3a8d86172b84ba7a90f97001fecb008:34)
	at com.android.tools.r8.internal.nq0.a(R8_8.8.18_9b4b11a8a876a48ac24063637e04d2dfb3a8d86172b84ba7a90f97001fecb008:17)
	at com.google.common.util.concurrent.TrustedListenableFutureTask$TrustedFutureInterruptibleTask.runInterruptibly(TrustedListenableFutureTask.java:131)
	at com.google.common.util.concurrent.InterruptibleTask.run(InterruptibleTask.java:75)
	at com.google.common.util.concurrent.TrustedListenableFutureTask.run(TrustedListenableFutureTask.java:82)
	at com.google.common.util.concurrent.MoreExecutors$DirectExecutorService.execute(MoreExecutors.java:327)
	at java.base/java.util.concurrent.AbstractExecutorService.submit(AbstractExecutorService.java:145)
	at com.google.common.util.concurrent.AbstractListeningExecutorService.submit(AbstractListeningExecutorService.java:79)
	at com.google.common.util.concurrent.AbstractListeningExecutorService.submit(AbstractListeningExecutorService.java:37)
	at com.android.tools.r8.internal.oq0.submit(R8_8.8.18_9b4b11a8a876a48ac24063637e04d2dfb3a8d86172b84ba7a90f97001fecb008:1)
	at com.android.tools.r8.internal.aq0.a(R8_8.8.18_9b4b11a8a876a48ac24063637e04d2dfb3a8d86172b84ba7a90f97001fecb008:1)
	at com.android.tools.r8.internal.nq0.a(R8_8.8.18_9b4b11a8a876a48ac24063637e04d2dfb3a8d86172b84ba7a90f97001fecb008:19)
	at com.android.tools.r8.internal.sx.a(R8_8.8.18_9b4b11a8a876a48ac24063637e04d2dfb3a8d86172b84ba7a90f97001fecb008:3)
	at java.base/java.util.ArrayList.forEach(ArrayList.java:1596)
	at com.android.tools.r8.internal.sx.a(R8_8.8.18_9b4b11a8a876a48ac24063637e04d2dfb3a8d86172b84ba7a90f97001fecb008:2)
	at com.android.tools.r8.internal.nq0.a(R8_8.8.18_9b4b11a8a876a48ac24063637e04d2dfb3a8d86172b84ba7a90f97001fecb008:10)
	at com.android.tools.r8.internal.nq0.a(R8_8.8.18_9b4b11a8a876a48ac24063637e04d2dfb3a8d86172b84ba7a90f97001fecb008:33)
	at com.android.tools.r8.internal.nq0.a(R8_8.8.18_9b4b11a8a876a48ac24063637e04d2dfb3a8d86172b84ba7a90f97001fecb008:25)
	at com.android.tools.r8.internal.nq0.a(R8_8.8.18_9b4b11a8a876a48ac24063637e04d2dfb3a8d86172b84ba7a90f97001fecb008:22)
	at com.android.tools.r8.K.a(R8_8.8.18_9b4b11a8a876a48ac24063637e04d2dfb3a8d86172b84ba7a90f97001fecb008:3)
	at com.android.tools.r8.kotlin.Z.a(R8_8.8.18_9b4b11a8a876a48ac24063637e04d2dfb3a8d86172b84ba7a90f97001fecb008:9)
	at com.android.tools.r8.D8.b(R8_8.8.18_9b4b11a8a876a48ac24063637e04d2dfb3a8d86172b84ba7a90f97001fecb008:17)
	at com.android.tools.r8.internal.Qq0.a(R8_8.8.18_9b4b11a8a876a48ac24063637e04d2dfb3a8d86172b84ba7a90f97001fecb008:57)
	at com.android.tools.r8.D8.a(R8_8.8.18_9b4b11a8a876a48ac24063637e04d2dfb3a8d86172b84ba7a90f97001fecb008:88)
	at com.android.tools.r8.D8.d(R8_8.8.18_9b4b11a8a876a48ac24063637e04d2dfb3a8d86172b84ba7a90f97001fecb008:137)
	at com.android.tools.r8.D8.b(R8_8.8.18_9b4b11a8a876a48ac24063637e04d2dfb3a8d86172b84ba7a90f97001fecb008:1)
	at com.android.tools.r8.internal.Fu.a(R8_8.8.18_9b4b11a8a876a48ac24063637e04d2dfb3a8d86172b84ba7a90f97001fecb008:28)
	at com.android.tools.r8.internal.Fu.b(R8_8.8.18_9b4b11a8a876a48ac24063637e04d2dfb3a8d86172b84ba7a90f97001fecb008:2)
	at com.android.tools.r8.D8.run(R8_8.8.18_9b4b11a8a876a48ac24063637e04d2dfb3a8d86172b84ba7a90f97001fecb008:11)
	at com.android.builder.dexing.D8DexArchiveBuilder.convert(D8DexArchiveBuilder.java:127)
	at com.android.build.gradle.internal.dexing.DexWorkActionKt.process(DexWorkAction.kt:178)
	at com.android.build.gradle.internal.dexing.DexWorkActionKt.processNonIncrementally(DexWorkAction.kt:146)
	at com.android.build.gradle.internal.dexing.DexWorkActionKt.launchProcessing(DexWorkAction.kt:73)
	at com.android.build.gradle.internal.dexing.DexWorkAction.run(DexWorkAction.kt:45)
	at com.android.build.gradle.internal.profile.ProfileAwareWorkAction.execute(ProfileAwareWorkAction.kt:74)
	at org.gradle.workers.internal.DefaultWorkerServer.execute(DefaultWorkerServer.java:63)
	at org.gradle.workers.internal.NoIsolationWorkerFactory$1$1.create(NoIsolationWorkerFactory.java:66)
	at org.gradle.workers.internal.NoIsolationWorkerFactory$1$1.create(NoIsolationWorkerFactory.java:62)
	at org.gradle.internal.classloader.ClassLoaderUtils.executeInClassloader(ClassLoaderUtils.java:100)
	at org.gradle.workers.internal.NoIsolationWorkerFactory$1.lambda$execute$0(NoIsolationWorkerFactory.java:62)
	at org.gradle.workers.internal.AbstractWorker$1.call(AbstractWorker.java:44)
	at org.gradle.workers.internal.AbstractWorker$1.call(AbstractWorker.java:41)
	at org.gradle.internal.operations.DefaultBuildOperationRunner$CallableBuildOperationWorker.execute(DefaultBuildOperationRunner.java:209)
	at org.gradle.internal.operations.DefaultBuildOperationRunner$CallableBuildOperationWorker.execute(DefaultBuildOperationRunner.java:204)
	at org.gradle.internal.operations.DefaultBuildOperationRunner$2.execute(DefaultBuildOperationRunner.java:66)
	at org.gradle.internal.operations.DefaultBuildOperationRunner$2.execute(DefaultBuildOperationRunner.java:59)
	at org.gradle.internal.operations.DefaultBuildOperationRunner.execute(DefaultBuildOperationRunner.java:166)
	at org.gradle.internal.operations.DefaultBuildOperationRunner.execute(DefaultBuildOperationRunner.java:59)
	at org.gradle.internal.operations.DefaultBuildOperationRunner.call(DefaultBuildOperationRunner.java:53)
	at org.gradle.workers.internal.AbstractWorker.executeWrappedInBuildOperation(AbstractWorker.java:41)
	at org.gradle.workers.internal.NoIsolationWorkerFactory$1.execute(NoIsolationWorkerFactory.java:59)
	at org.gradle.workers.internal.DefaultWorkerExecutor.lambda$submitWork$0(DefaultWorkerExecutor.java:174)
	at java.base/java.util.concurrent.FutureTask.run(FutureTask.java:317)
	at org.gradle.internal.work.DefaultConditionalExecutionQueue$ExecutionRunner.runExecution(DefaultConditionalExecutionQueue.java:194)
	at org.gradle.internal.work.DefaultConditionalExecutionQueue$ExecutionRunner.access$700(DefaultConditionalExecutionQueue.java:127)
	at org.gradle.internal.work.DefaultConditionalExecutionQueue$ExecutionRunner$1.run(DefaultConditionalExecutionQueue.java:169)
	at org.gradle.internal.Factories$1.create(Factories.java:31)
	at org.gradle.internal.work.DefaultWorkerLeaseService.withLocks(DefaultWorkerLeaseService.java:263)
	at org.gradle.internal.work.DefaultWorkerLeaseService.runAsWorkerThread(DefaultWorkerLeaseService.java:127)
	at org.gradle.internal.work.DefaultWorkerLeaseService.runAsWorkerThread(DefaultWorkerLeaseService.java:132)
	at org.gradle.internal.work.DefaultConditionalExecutionQueue$ExecutionRunner.runBatch(DefaultConditionalExecutionQueue.java:164)
	at org.gradle.internal.work.DefaultConditionalExecutionQueue$ExecutionRunner.run(DefaultConditionalExecutionQueue.java:133)
	at java.base/java.util.concurrent.Executors$RunnableAdapter.call(Executors.java:572)
	at java.base/java.util.concurrent.FutureTask.run(FutureTask.java:317)
	at org.gradle.internal.concurrent.ExecutorPolicy$CatchAndRecordFailures.onExecute(ExecutorPolicy.java:64)
	at org.gradle.internal.concurrent.AbstractManagedExecutor$1.run(AbstractManagedExecutor.java:48)
	at java.base/java.util.concurrent.ThreadPoolExecutor.runWorker(ThreadPoolExecutor.java:1144)
	at java.base/java.util.concurrent.ThreadPoolExecutor$Worker.run(ThreadPoolExecutor.java:642)
	at java.base/java.lang.Thread.run(Thread.java:1583)

WARNING: D8: An error occurred when parsing kotlin metadata. This normally happens when using a newer version of kotlin than the kotlin version released when this version of R8 was created. To find compatible kotlin versions, please see: https://developer.android.com/studio/build/kotlin-d8-r8-versions
WARNING: D8: Unexpected error during rewriting of Kotlin metadata for class 'com.sevtinge.hyperceiler.module.hook.systemui.lockscreen.AddBlurEffectToLockScreen$init$2':
com.android.tools.r8.internal.nu0: Should never be called
	at com.android.tools.r8.kotlin.a0.a(R8_8.8.18_9b4b11a8a876a48ac24063637e04d2dfb3a8d86172b84ba7a90f97001fecb008:2)
	at com.android.tools.r8.kotlin.Z.a(R8_8.8.18_9b4b11a8a876a48ac24063637e04d2dfb3a8d86172b84ba7a90f97001fecb008:185)
	at com.android.tools.r8.kotlin.Z.a(R8_8.8.18_9b4b11a8a876a48ac24063637e04d2dfb3a8d86172b84ba7a90f97001fecb008:184)
	at com.android.tools.r8.internal.nq0.a(R8_8.8.18_9b4b11a8a876a48ac24063637e04d2dfb3a8d86172b84ba7a90f97001fecb008:23)
	at com.android.tools.r8.internal.nq0.a(R8_8.8.18_9b4b11a8a876a48ac24063637e04d2dfb3a8d86172b84ba7a90f97001fecb008:34)
	at com.android.tools.r8.internal.nq0.a(R8_8.8.18_9b4b11a8a876a48ac24063637e04d2dfb3a8d86172b84ba7a90f97001fecb008:17)
	at com.google.common.util.concurrent.TrustedListenableFutureTask$TrustedFutureInterruptibleTask.runInterruptibly(TrustedListenableFutureTask.java:131)
	at com.google.common.util.concurrent.InterruptibleTask.run(InterruptibleTask.java:75)
	at com.google.common.util.concurrent.TrustedListenableFutureTask.run(TrustedListenableFutureTask.java:82)
	at com.google.common.util.concurrent.MoreExecutors$DirectExecutorService.execute(MoreExecutors.java:327)
	at java.base/java.util.concurrent.AbstractExecutorService.submit(AbstractExecutorService.java:145)
	at com.google.common.util.concurrent.AbstractListeningExecutorService.submit(AbstractListeningExecutorService.java:79)
	at com.google.common.util.concurrent.AbstractListeningExecutorService.submit(AbstractListeningExecutorService.java:37)
	at com.android.tools.r8.internal.oq0.submit(R8_8.8.18_9b4b11a8a876a48ac24063637e04d2dfb3a8d86172b84ba7a90f97001fecb008:1)
	at com.android.tools.r8.internal.aq0.a(R8_8.8.18_9b4b11a8a876a48ac24063637e04d2dfb3a8d86172b84ba7a90f97001fecb008:1)
	at com.android.tools.r8.internal.nq0.a(R8_8.8.18_9b4b11a8a876a48ac24063637e04d2dfb3a8d86172b84ba7a90f97001fecb008:19)
	at com.android.tools.r8.internal.sx.a(R8_8.8.18_9b4b11a8a876a48ac24063637e04d2dfb3a8d86172b84ba7a90f97001fecb008:3)
	at java.base/java.util.ArrayList.forEach(ArrayList.java:1596)
	at com.android.tools.r8.internal.sx.a(R8_8.8.18_9b4b11a8a876a48ac24063637e04d2dfb3a8d86172b84ba7a90f97001fecb008:2)
	at com.android.tools.r8.internal.nq0.a(R8_8.8.18_9b4b11a8a876a48ac24063637e04d2dfb3a8d86172b84ba7a90f97001fecb008:10)
	at com.android.tools.r8.internal.nq0.a(R8_8.8.18_9b4b11a8a876a48ac24063637e04d2dfb3a8d86172b84ba7a90f97001fecb008:33)
	at com.android.tools.r8.internal.nq0.a(R8_8.8.18_9b4b11a8a876a48ac24063637e04d2dfb3a8d86172b84ba7a90f97001fecb008:25)
	at com.android.tools.r8.internal.nq0.a(R8_8.8.18_9b4b11a8a876a48ac24063637e04d2dfb3a8d86172b84ba7a90f97001fecb008:22)
	at com.android.tools.r8.K.a(R8_8.8.18_9b4b11a8a876a48ac24063637e04d2dfb3a8d86172b84ba7a90f97001fecb008:3)
	at com.android.tools.r8.kotlin.Z.a(R8_8.8.18_9b4b11a8a876a48ac24063637e04d2dfb3a8d86172b84ba7a90f97001fecb008:9)
	at com.android.tools.r8.D8.b(R8_8.8.18_9b4b11a8a876a48ac24063637e04d2dfb3a8d86172b84ba7a90f97001fecb008:17)
	at com.android.tools.r8.internal.Qq0.a(R8_8.8.18_9b4b11a8a876a48ac24063637e04d2dfb3a8d86172b84ba7a90f97001fecb008:57)
	at com.android.tools.r8.D8.a(R8_8.8.18_9b4b11a8a876a48ac24063637e04d2dfb3a8d86172b84ba7a90f97001fecb008:88)
	at com.android.tools.r8.D8.d(R8_8.8.18_9b4b11a8a876a48ac24063637e04d2dfb3a8d86172b84ba7a90f97001fecb008:137)
	at com.android.tools.r8.D8.b(R8_8.8.18_9b4b11a8a876a48ac24063637e04d2dfb3a8d86172b84ba7a90f97001fecb008:1)
	at com.android.tools.r8.internal.Fu.a(R8_8.8.18_9b4b11a8a876a48ac24063637e04d2dfb3a8d86172b84ba7a90f97001fecb008:28)
	at com.android.tools.r8.internal.Fu.b(R8_8.8.18_9b4b11a8a876a48ac24063637e04d2dfb3a8d86172b84ba7a90f97001fecb008:2)
	at com.android.tools.r8.D8.run(R8_8.8.18_9b4b11a8a876a48ac24063637e04d2dfb3a8d86172b84ba7a90f97001fecb008:11)
	at com.android.builder.dexing.D8DexArchiveBuilder.convert(D8DexArchiveBuilder.java:127)
	at com.android.build.gradle.internal.dexing.DexWorkActionKt.process(DexWorkAction.kt:178)
	at com.android.build.gradle.internal.dexing.DexWorkActionKt.processNonIncrementally(DexWorkAction.kt:146)
	at com.android.build.gradle.internal.dexing.DexWorkActionKt.launchProcessing(DexWorkAction.kt:73)
	at com.android.build.gradle.internal.dexing.DexWorkAction.run(DexWorkAction.kt:45)
	at com.android.build.gradle.internal.profile.ProfileAwareWorkAction.execute(ProfileAwareWorkAction.kt:74)
	at org.gradle.workers.internal.DefaultWorkerServer.execute(DefaultWorkerServer.java:63)
	at org.gradle.workers.internal.NoIsolationWorkerFactory$1$1.create(NoIsolationWorkerFactory.java:66)
	at org.gradle.workers.internal.NoIsolationWorkerFactory$1$1.create(NoIsolationWorkerFactory.java:62)
	at org.gradle.internal.classloader.ClassLoaderUtils.executeInClassloader(ClassLoaderUtils.java:100)
	at org.gradle.workers.internal.NoIsolationWorkerFactory$1.lambda$execute$0(NoIsolationWorkerFactory.java:62)
	at org.gradle.workers.internal.AbstractWorker$1.call(AbstractWorker.java:44)
	at org.gradle.workers.internal.AbstractWorker$1.call(AbstractWorker.java:41)
	at org.gradle.internal.operations.DefaultBuildOperationRunner$CallableBuildOperationWorker.execute(DefaultBuildOperationRunner.java:209)
	at org.gradle.internal.operations.DefaultBuildOperationRunner$CallableBuildOperationWorker.execute(DefaultBuildOperationRunner.java:204)
	at org.gradle.internal.operations.DefaultBuildOperationRunner$2.execute(DefaultBuildOperationRunner.java:66)
	at org.gradle.internal.operations.DefaultBuildOperationRunner$2.execute(DefaultBuildOperationRunner.java:59)
	at org.gradle.internal.operations.DefaultBuildOperationRunner.execute(DefaultBuildOperationRunner.java:166)
	at org.gradle.internal.operations.DefaultBuildOperationRunner.execute(DefaultBuildOperationRunner.java:59)
	at org.gradle.internal.operations.DefaultBuildOperationRunner.call(DefaultBuildOperationRunner.java:53)
	at org.gradle.workers.internal.AbstractWorker.executeWrappedInBuildOperation(AbstractWorker.java:41)
	at org.gradle.workers.internal.NoIsolationWorkerFactory$1.execute(NoIsolationWorkerFactory.java:59)
	at org.gradle.workers.internal.DefaultWorkerExecutor.lambda$submitWork$0(DefaultWorkerExecutor.java:174)
	at java.base/java.util.concurrent.FutureTask.run(FutureTask.java:317)
	at org.gradle.internal.work.DefaultConditionalExecutionQueue$ExecutionRunner.runExecution(DefaultConditionalExecutionQueue.java:194)
	at org.gradle.internal.work.DefaultConditionalExecutionQueue$ExecutionRunner.access$700(DefaultConditionalExecutionQueue.java:127)
	at org.gradle.internal.work.DefaultConditionalExecutionQueue$ExecutionRunner$1.run(DefaultConditionalExecutionQueue.java:169)
	at org.gradle.internal.Factories$1.create(Factories.java:31)
	at org.gradle.internal.work.DefaultWorkerLeaseService.withLocks(DefaultWorkerLeaseService.java:263)
	at org.gradle.internal.work.DefaultWorkerLeaseService.runAsWorkerThread(DefaultWorkerLeaseService.java:127)
	at org.gradle.internal.work.DefaultWorkerLeaseService.runAsWorkerThread(DefaultWorkerLeaseService.java:132)
	at org.gradle.internal.work.DefaultConditionalExecutionQueue$ExecutionRunner.runBatch(DefaultConditionalExecutionQueue.java:164)
	at org.gradle.internal.work.DefaultConditionalExecutionQueue$ExecutionRunner.run(DefaultConditionalExecutionQueue.java:133)
	at java.base/java.util.concurrent.Executors$RunnableAdapter.call(Executors.java:572)
	at java.base/java.util.concurrent.FutureTask.run(FutureTask.java:317)
	at org.gradle.internal.concurrent.ExecutorPolicy$CatchAndRecordFailures.onExecute(ExecutorPolicy.java:64)
	at org.gradle.internal.concurrent.AbstractManagedExecutor$1.run(AbstractManagedExecutor.java:48)
	at java.base/java.util.concurrent.ThreadPoolExecutor.runWorker(ThreadPoolExecutor.java:1144)
	at java.base/java.util.concurrent.ThreadPoolExecutor$Worker.run(ThreadPoolExecutor.java:642)
	at java.base/java.lang.Thread.run(Thread.java:1583)

WARNING: D8: An error occurred when parsing kotlin metadata. This normally happens when using a newer version of kotlin than the kotlin version released when this version of R8 was created. To find compatible kotlin versions, please see: https://developer.android.com/studio/build/kotlin-d8-r8-versions
WARNING: D8: Unexpected error during rewriting of Kotlin metadata for class 'com.sevtinge.hyperceiler.module.hook.misettings.ShowMoreFpsList':
com.android.tools.r8.internal.nu0: Should never be called
	at com.android.tools.r8.kotlin.a0.a(R8_8.8.18_9b4b11a8a876a48ac24063637e04d2dfb3a8d86172b84ba7a90f97001fecb008:2)
	at com.android.tools.r8.kotlin.Z.a(R8_8.8.18_9b4b11a8a876a48ac24063637e04d2dfb3a8d86172b84ba7a90f97001fecb008:185)
	at com.android.tools.r8.kotlin.Z.a(R8_8.8.18_9b4b11a8a876a48ac24063637e04d2dfb3a8d86172b84ba7a90f97001fecb008:184)
	at com.android.tools.r8.internal.nq0.a(R8_8.8.18_9b4b11a8a876a48ac24063637e04d2dfb3a8d86172b84ba7a90f97001fecb008:23)
	at com.android.tools.r8.internal.nq0.a(R8_8.8.18_9b4b11a8a876a48ac24063637e04d2dfb3a8d86172b84ba7a90f97001fecb008:34)
	at com.android.tools.r8.internal.nq0.a(R8_8.8.18_9b4b11a8a876a48ac24063637e04d2dfb3a8d86172b84ba7a90f97001fecb008:17)
	at com.google.common.util.concurrent.TrustedListenableFutureTask$TrustedFutureInterruptibleTask.runInterruptibly(TrustedListenableFutureTask.java:131)
	at com.google.common.util.concurrent.InterruptibleTask.run(InterruptibleTask.java:75)
	at com.google.common.util.concurrent.TrustedListenableFutureTask.run(TrustedListenableFutureTask.java:82)
	at com.google.common.util.concurrent.MoreExecutors$DirectExecutorService.execute(MoreExecutors.java:327)
	at java.base/java.util.concurrent.AbstractExecutorService.submit(AbstractExecutorService.java:145)
	at com.google.common.util.concurrent.AbstractListeningExecutorService.submit(AbstractListeningExecutorService.java:79)
	at com.google.common.util.concurrent.AbstractListeningExecutorService.submit(AbstractListeningExecutorService.java:37)
	at com.android.tools.r8.internal.oq0.submit(R8_8.8.18_9b4b11a8a876a48ac24063637e04d2dfb3a8d86172b84ba7a90f97001fecb008:1)
	at com.android.tools.r8.internal.aq0.a(R8_8.8.18_9b4b11a8a876a48ac24063637e04d2dfb3a8d86172b84ba7a90f97001fecb008:1)
	at com.android.tools.r8.internal.nq0.a(R8_8.8.18_9b4b11a8a876a48ac24063637e04d2dfb3a8d86172b84ba7a90f97001fecb008:19)
	at com.android.tools.r8.internal.sx.a(R8_8.8.18_9b4b11a8a876a48ac24063637e04d2dfb3a8d86172b84ba7a90f97001fecb008:3)
	at java.base/java.util.ArrayList.forEach(ArrayList.java:1596)
	at com.android.tools.r8.internal.sx.a(R8_8.8.18_9b4b11a8a876a48ac24063637e04d2dfb3a8d86172b84ba7a90f97001fecb008:2)
	at com.android.tools.r8.internal.nq0.a(R8_8.8.18_9b4b11a8a876a48ac24063637e04d2dfb3a8d86172b84ba7a90f97001fecb008:10)
	at com.android.tools.r8.internal.nq0.a(R8_8.8.18_9b4b11a8a876a48ac24063637e04d2dfb3a8d86172b84ba7a90f97001fecb008:33)
	at com.android.tools.r8.internal.nq0.a(R8_8.8.18_9b4b11a8a876a48ac24063637e04d2dfb3a8d86172b84ba7a90f97001fecb008:25)
	at com.android.tools.r8.internal.nq0.a(R8_8.8.18_9b4b11a8a876a48ac24063637e04d2dfb3a8d86172b84ba7a90f97001fecb008:22)
	at com.android.tools.r8.K.a(R8_8.8.18_9b4b11a8a876a48ac24063637e04d2dfb3a8d86172b84ba7a90f97001fecb008:3)
	at com.android.tools.r8.kotlin.Z.a(R8_8.8.18_9b4b11a8a876a48ac24063637e04d2dfb3a8d86172b84ba7a90f97001fecb008:9)
	at com.android.tools.r8.D8.b(R8_8.8.18_9b4b11a8a876a48ac24063637e04d2dfb3a8d86172b84ba7a90f97001fecb008:17)
	at com.android.tools.r8.internal.Qq0.a(R8_8.8.18_9b4b11a8a876a48ac24063637e04d2dfb3a8d86172b84ba7a90f97001fecb008:57)
	at com.android.tools.r8.D8.a(R8_8.8.18_9b4b11a8a876a48ac24063637e04d2dfb3a8d86172b84ba7a90f97001fecb008:88)
	at com.android.tools.r8.D8.d(R8_8.8.18_9b4b11a8a876a48ac24063637e04d2dfb3a8d86172b84ba7a90f97001fecb008:137)
	at com.android.tools.r8.D8.b(R8_8.8.18_9b4b11a8a876a48ac24063637e04d2dfb3a8d86172b84ba7a90f97001fecb008:1)
	at com.android.tools.r8.internal.Fu.a(R8_8.8.18_9b4b11a8a876a48ac24063637e04d2dfb3a8d86172b84ba7a90f97001fecb008:28)
	at com.android.tools.r8.internal.Fu.b(R8_8.8.18_9b4b11a8a876a48ac24063637e04d2dfb3a8d86172b84ba7a90f97001fecb008:2)
	at com.android.tools.r8.D8.run(R8_8.8.18_9b4b11a8a876a48ac24063637e04d2dfb3a8d86172b84ba7a90f97001fecb008:11)
	at com.android.builder.dexing.D8DexArchiveBuilder.convert(D8DexArchiveBuilder.java:127)
	at com.android.build.gradle.internal.dexing.DexWorkActionKt.process(DexWorkAction.kt:178)
	at com.android.build.gradle.internal.dexing.DexWorkActionKt.processNonIncrementally(DexWorkAction.kt:146)
	at com.android.build.gradle.internal.dexing.DexWorkActionKt.launchProcessing(DexWorkAction.kt:73)
	at com.android.build.gradle.internal.dexing.DexWorkAction.run(DexWorkAction.kt:45)
	at com.android.build.gradle.internal.profile.ProfileAwareWorkAction.execute(ProfileAwareWorkAction.kt:74)
	at org.gradle.workers.internal.DefaultWorkerServer.execute(DefaultWorkerServer.java:63)
	at org.gradle.workers.internal.NoIsolationWorkerFactory$1$1.create(NoIsolationWorkerFactory.java:66)
	at org.gradle.workers.internal.NoIsolationWorkerFactory$1$1.create(NoIsolationWorkerFactory.java:62)
	at org.gradle.internal.classloader.ClassLoaderUtils.executeInClassloader(ClassLoaderUtils.java:100)
	at org.gradle.workers.internal.NoIsolationWorkerFactory$1.lambda$execute$0(NoIsolationWorkerFactory.java:62)
	at org.gradle.workers.internal.AbstractWorker$1.call(AbstractWorker.java:44)
	at org.gradle.workers.internal.AbstractWorker$1.call(AbstractWorker.java:41)
	at org.gradle.internal.operations.DefaultBuildOperationRunner$CallableBuildOperationWorker.execute(DefaultBuildOperationRunner.java:209)
	at org.gradle.internal.operations.DefaultBuildOperationRunner$CallableBuildOperationWorker.execute(DefaultBuildOperationRunner.java:204)
	at org.gradle.internal.operations.DefaultBuildOperationRunner$2.execute(DefaultBuildOperationRunner.java:66)
	at org.gradle.internal.operations.DefaultBuildOperationRunner$2.execute(DefaultBuildOperationRunner.java:59)
	at org.gradle.internal.operations.DefaultBuildOperationRunner.execute(DefaultBuildOperationRunner.java:166)
	at org.gradle.internal.operations.DefaultBuildOperationRunner.execute(DefaultBuildOperationRunner.java:59)
	at org.gradle.internal.operations.DefaultBuildOperationRunner.call(DefaultBuildOperationRunner.java:53)
	at org.gradle.workers.internal.AbstractWorker.executeWrappedInBuildOperation(AbstractWorker.java:41)
	at org.gradle.workers.internal.NoIsolationWorkerFactory$1.execute(NoIsolationWorkerFactory.java:59)
	at org.gradle.workers.internal.DefaultWorkerExecutor.lambda$submitWork$0(DefaultWorkerExecutor.java:174)
	at java.base/java.util.concurrent.FutureTask.run(FutureTask.java:317)
	at org.gradle.internal.work.DefaultConditionalExecutionQueue$ExecutionRunner.runExecution(DefaultConditionalExecutionQueue.java:194)
	at org.gradle.internal.work.DefaultConditionalExecutionQueue$ExecutionRunner.access$700(DefaultConditionalExecutionQueue.java:127)
	at org.gradle.internal.work.DefaultConditionalExecutionQueue$ExecutionRunner$1.run(DefaultConditionalExecutionQueue.java:169)
	at org.gradle.internal.Factories$1.create(Factories.java:31)
	at org.gradle.internal.work.DefaultWorkerLeaseService.withLocks(DefaultWorkerLeaseService.java:263)
	at org.gradle.internal.work.DefaultWorkerLeaseService.runAsWorkerThread(DefaultWorkerLeaseService.java:127)
	at org.gradle.internal.work.DefaultWorkerLeaseService.runAsWorkerThread(DefaultWorkerLeaseService.java:132)
	at org.gradle.internal.work.DefaultConditionalExecutionQueue$ExecutionRunner.runBatch(DefaultConditionalExecutionQueue.java:164)
	at org.gradle.internal.work.DefaultConditionalExecutionQueue$ExecutionRunner.run(DefaultConditionalExecutionQueue.java:133)
	at java.base/java.util.concurrent.Executors$RunnableAdapter.call(Executors.java:572)
	at java.base/java.util.concurrent.FutureTask.run(FutureTask.java:317)
	at org.gradle.internal.concurrent.ExecutorPolicy$CatchAndRecordFailures.onExecute(ExecutorPolicy.java:64)
	at org.gradle.internal.concurrent.AbstractManagedExecutor$1.run(AbstractManagedExecutor.java:48)
	at java.base/java.util.concurrent.ThreadPoolExecutor.runWorker(ThreadPoolExecutor.java:1144)
	at java.base/java.util.concurrent.ThreadPoolExecutor$Worker.run(ThreadPoolExecutor.java:642)
	at java.base/java.lang.Thread.run(Thread.java:1583)

WARNING: D8: An error occurred when parsing kotlin metadata. This normally happens when using a newer version of kotlin than the kotlin version released when this version of R8 was created. To find compatible kotlin versions, please see: https://developer.android.com/studio/build/kotlin-d8-r8-versions
WARNING: D8: Unexpected error during rewriting of Kotlin metadata for class 'com.sevtinge.hyperceiler.module.hook.home.layout.LayoutRules$initForNewHome$1':
com.android.tools.r8.internal.nu0: Should never be called
	at com.android.tools.r8.kotlin.a0.a(R8_8.8.18_9b4b11a8a876a48ac24063637e04d2dfb3a8d86172b84ba7a90f97001fecb008:2)
	at com.android.tools.r8.kotlin.Z.a(R8_8.8.18_9b4b11a8a876a48ac24063637e04d2dfb3a8d86172b84ba7a90f97001fecb008:185)
	at com.android.tools.r8.kotlin.Z.a(R8_8.8.18_9b4b11a8a876a48ac24063637e04d2dfb3a8d86172b84ba7a90f97001fecb008:184)
	at com.android.tools.r8.internal.nq0.a(R8_8.8.18_9b4b11a8a876a48ac24063637e04d2dfb3a8d86172b84ba7a90f97001fecb008:23)
	at com.android.tools.r8.internal.nq0.a(R8_8.8.18_9b4b11a8a876a48ac24063637e04d2dfb3a8d86172b84ba7a90f97001fecb008:34)
	at com.android.tools.r8.internal.nq0.a(R8_8.8.18_9b4b11a8a876a48ac24063637e04d2dfb3a8d86172b84ba7a90f97001fecb008:17)
	at com.google.common.util.concurrent.TrustedListenableFutureTask$TrustedFutureInterruptibleTask.runInterruptibly(TrustedListenableFutureTask.java:131)
	at com.google.common.util.concurrent.InterruptibleTask.run(InterruptibleTask.java:75)
	at com.google.common.util.concurrent.TrustedListenableFutureTask.run(TrustedListenableFutureTask.java:82)
	at com.google.common.util.concurrent.MoreExecutors$DirectExecutorService.execute(MoreExecutors.java:327)
	at java.base/java.util.concurrent.AbstractExecutorService.submit(AbstractExecutorService.java:145)
	at com.google.common.util.concurrent.AbstractListeningExecutorService.submit(AbstractListeningExecutorService.java:79)
	at com.google.common.util.concurrent.AbstractListeningExecutorService.submit(AbstractListeningExecutorService.java:37)
	at com.android.tools.r8.internal.oq0.submit(R8_8.8.18_9b4b11a8a876a48ac24063637e04d2dfb3a8d86172b84ba7a90f97001fecb008:1)
	at com.android.tools.r8.internal.aq0.a(R8_8.8.18_9b4b11a8a876a48ac24063637e04d2dfb3a8d86172b84ba7a90f97001fecb008:1)
	at com.android.tools.r8.internal.nq0.a(R8_8.8.18_9b4b11a8a876a48ac24063637e04d2dfb3a8d86172b84ba7a90f97001fecb008:19)
	at com.android.tools.r8.internal.sx.a(R8_8.8.18_9b4b11a8a876a48ac24063637e04d2dfb3a8d86172b84ba7a90f97001fecb008:3)
	at java.base/java.util.ArrayList.forEach(ArrayList.java:1596)
	at com.android.tools.r8.internal.sx.a(R8_8.8.18_9b4b11a8a876a48ac24063637e04d2dfb3a8d86172b84ba7a90f97001fecb008:2)
	at com.android.tools.r8.internal.nq0.a(R8_8.8.18_9b4b11a8a876a48ac24063637e04d2dfb3a8d86172b84ba7a90f97001fecb008:10)
	at com.android.tools.r8.internal.nq0.a(R8_8.8.18_9b4b11a8a876a48ac24063637e04d2dfb3a8d86172b84ba7a90f97001fecb008:33)
	at com.android.tools.r8.internal.nq0.a(R8_8.8.18_9b4b11a8a876a48ac24063637e04d2dfb3a8d86172b84ba7a90f97001fecb008:25)
	at com.android.tools.r8.internal.nq0.a(R8_8.8.18_9b4b11a8a876a48ac24063637e04d2dfb3a8d86172b84ba7a90f97001fecb008:22)
	at com.android.tools.r8.K.a(R8_8.8.18_9b4b11a8a876a48ac24063637e04d2dfb3a8d86172b84ba7a90f97001fecb008:3)
	at com.android.tools.r8.kotlin.Z.a(R8_8.8.18_9b4b11a8a876a48ac24063637e04d2dfb3a8d86172b84ba7a90f97001fecb008:9)
	at com.android.tools.r8.D8.b(R8_8.8.18_9b4b11a8a876a48ac24063637e04d2dfb3a8d86172b84ba7a90f97001fecb008:17)
	at com.android.tools.r8.internal.Qq0.a(R8_8.8.18_9b4b11a8a876a48ac24063637e04d2dfb3a8d86172b84ba7a90f97001fecb008:57)
	at com.android.tools.r8.D8.a(R8_8.8.18_9b4b11a8a876a48ac24063637e04d2dfb3a8d86172b84ba7a90f97001fecb008:88)
	at com.android.tools.r8.D8.d(R8_8.8.18_9b4b11a8a876a48ac24063637e04d2dfb3a8d86172b84ba7a90f97001fecb008:137)
	at com.android.tools.r8.D8.b(R8_8.8.18_9b4b11a8a876a48ac24063637e04d2dfb3a8d86172b84ba7a90f97001fecb008:1)
	at com.android.tools.r8.internal.Fu.a(R8_8.8.18_9b4b11a8a876a48ac24063637e04d2dfb3a8d86172b84ba7a90f97001fecb008:28)
	at com.android.tools.r8.internal.Fu.b(R8_8.8.18_9b4b11a8a876a48ac24063637e04d2dfb3a8d86172b84ba7a90f97001fecb008:2)
	at com.android.tools.r8.D8.run(R8_8.8.18_9b4b11a8a876a48ac24063637e04d2dfb3a8d86172b84ba7a90f97001fecb008:11)
	at com.android.builder.dexing.D8DexArchiveBuilder.convert(D8DexArchiveBuilder.java:127)
	at com.android.build.gradle.internal.dexing.DexWorkActionKt.process(DexWorkAction.kt:178)
	at com.android.build.gradle.internal.dexing.DexWorkActionKt.processNonIncrementally(DexWorkAction.kt:146)
	at com.android.build.gradle.internal.dexing.DexWorkActionKt.launchProcessing(DexWorkAction.kt:73)
	at com.android.build.gradle.internal.dexing.DexWorkAction.run(DexWorkAction.kt:45)
	at com.android.build.gradle.internal.profile.ProfileAwareWorkAction.execute(ProfileAwareWorkAction.kt:74)
	at org.gradle.workers.internal.DefaultWorkerServer.execute(DefaultWorkerServer.java:63)
	at org.gradle.workers.internal.NoIsolationWorkerFactory$1$1.create(NoIsolationWorkerFactory.java:66)
	at org.gradle.workers.internal.NoIsolationWorkerFactory$1$1.create(NoIsolationWorkerFactory.java:62)
	at org.gradle.internal.classloader.ClassLoaderUtils.executeInClassloader(ClassLoaderUtils.java:100)
	at org.gradle.workers.internal.NoIsolationWorkerFactory$1.lambda$execute$0(NoIsolationWorkerFactory.java:62)
	at org.gradle.workers.internal.AbstractWorker$1.call(AbstractWorker.java:44)
	at org.gradle.workers.internal.AbstractWorker$1.call(AbstractWorker.java:41)
	at org.gradle.internal.operations.DefaultBuildOperationRunner$CallableBuildOperationWorker.execute(DefaultBuildOperationRunner.java:209)
	at org.gradle.internal.operations.DefaultBuildOperationRunner$CallableBuildOperationWorker.execute(DefaultBuildOperationRunner.java:204)
	at org.gradle.internal.operations.DefaultBuildOperationRunner$2.execute(DefaultBuildOperationRunner.java:66)
	at org.gradle.internal.operations.DefaultBuildOperationRunner$2.execute(DefaultBuildOperationRunner.java:59)
	at org.gradle.internal.operations.DefaultBuildOperationRunner.execute(DefaultBuildOperationRunner.java:166)
	at org.gradle.internal.operations.DefaultBuildOperationRunner.execute(DefaultBuildOperationRunner.java:59)
	at org.gradle.internal.operations.DefaultBuildOperationRunner.call(DefaultBuildOperationRunner.java:53)
	at org.gradle.workers.internal.AbstractWorker.executeWrappedInBuildOperation(AbstractWorker.java:41)
	at org.gradle.workers.internal.NoIsolationWorkerFactory$1.execute(NoIsolationWorkerFactory.java:59)
	at org.gradle.workers.internal.DefaultWorkerExecutor.lambda$submitWork$0(DefaultWorkerExecutor.java:174)
	at java.base/java.util.concurrent.FutureTask.run(FutureTask.java:317)
	at org.gradle.internal.work.DefaultConditionalExecutionQueue$ExecutionRunner.runExecution(DefaultConditionalExecutionQueue.java:194)
	at org.gradle.internal.work.DefaultConditionalExecutionQueue$ExecutionRunner.access$700(DefaultConditionalExecutionQueue.java:127)
	at org.gradle.internal.work.DefaultConditionalExecutionQueue$ExecutionRunner$1.run(DefaultConditionalExecutionQueue.java:169)
	at org.gradle.internal.Factories$1.create(Factories.java:31)
	at org.gradle.internal.work.DefaultWorkerLeaseService.withLocks(DefaultWorkerLeaseService.java:263)
	at org.gradle.internal.work.DefaultWorkerLeaseService.runAsWorkerThread(DefaultWorkerLeaseService.java:127)
	at org.gradle.internal.work.DefaultWorkerLeaseService.runAsWorkerThread(DefaultWorkerLeaseService.java:132)
	at org.gradle.internal.work.DefaultConditionalExecutionQueue$ExecutionRunner.runBatch(DefaultConditionalExecutionQueue.java:164)
	at org.gradle.internal.work.DefaultConditionalExecutionQueue$ExecutionRunner.run(DefaultConditionalExecutionQueue.java:133)
	at java.base/java.util.concurrent.Executors$RunnableAdapter.call(Executors.java:572)
	at java.base/java.util.concurrent.FutureTask.run(FutureTask.java:317)
	at org.gradle.internal.concurrent.ExecutorPolicy$CatchAndRecordFailures.onExecute(ExecutorPolicy.java:64)
	at org.gradle.internal.concurrent.AbstractManagedExecutor$1.run(AbstractManagedExecutor.java:48)
	at java.base/java.util.concurrent.ThreadPoolExecutor.runWorker(ThreadPoolExecutor.java:1144)
	at java.base/java.util.concurrent.ThreadPoolExecutor$Worker.run(ThreadPoolExecutor.java:642)
	at java.base/java.lang.Thread.run(Thread.java:1583)

WARNING: D8: An error occurred when parsing kotlin metadata. This normally happens when using a newer version of kotlin than the kotlin version released when this version of R8 was created. To find compatible kotlin versions, please see: https://developer.android.com/studio/build/kotlin-d8-r8-versions
WARNING: D8: Unexpected error during rewriting of Kotlin metadata for class 'com.sevtinge.hyperceiler.module.hook.systemui.plugin.NewPluginHelperKt$onPluginLoaded$loaders$17':
com.android.tools.r8.internal.nu0: Should never be called
	at com.android.tools.r8.kotlin.a0.a(R8_8.8.18_9b4b11a8a876a48ac24063637e04d2dfb3a8d86172b84ba7a90f97001fecb008:2)
	at com.android.tools.r8.kotlin.Z.a(R8_8.8.18_9b4b11a8a876a48ac24063637e04d2dfb3a8d86172b84ba7a90f97001fecb008:185)
	at com.android.tools.r8.kotlin.Z.a(R8_8.8.18_9b4b11a8a876a48ac24063637e04d2dfb3a8d86172b84ba7a90f97001fecb008:184)
	at com.android.tools.r8.internal.nq0.a(R8_8.8.18_9b4b11a8a876a48ac24063637e04d2dfb3a8d86172b84ba7a90f97001fecb008:23)
	at com.android.tools.r8.internal.nq0.a(R8_8.8.18_9b4b11a8a876a48ac24063637e04d2dfb3a8d86172b84ba7a90f97001fecb008:34)
	at com.android.tools.r8.internal.nq0.a(R8_8.8.18_9b4b11a8a876a48ac24063637e04d2dfb3a8d86172b84ba7a90f97001fecb008:17)
	at com.google.common.util.concurrent.TrustedListenableFutureTask$TrustedFutureInterruptibleTask.runInterruptibly(TrustedListenableFutureTask.java:131)
	at com.google.common.util.concurrent.InterruptibleTask.run(InterruptibleTask.java:75)
	at com.google.common.util.concurrent.TrustedListenableFutureTask.run(TrustedListenableFutureTask.java:82)
	at com.google.common.util.concurrent.MoreExecutors$DirectExecutorService.execute(MoreExecutors.java:327)
	at java.base/java.util.concurrent.AbstractExecutorService.submit(AbstractExecutorService.java:145)
	at com.google.common.util.concurrent.AbstractListeningExecutorService.submit(AbstractListeningExecutorService.java:79)
	at com.google.common.util.concurrent.AbstractListeningExecutorService.submit(AbstractListeningExecutorService.java:37)
	at com.android.tools.r8.internal.oq0.submit(R8_8.8.18_9b4b11a8a876a48ac24063637e04d2dfb3a8d86172b84ba7a90f97001fecb008:1)
	at com.android.tools.r8.internal.aq0.a(R8_8.8.18_9b4b11a8a876a48ac24063637e04d2dfb3a8d86172b84ba7a90f97001fecb008:1)
	at com.android.tools.r8.internal.nq0.a(R8_8.8.18_9b4b11a8a876a48ac24063637e04d2dfb3a8d86172b84ba7a90f97001fecb008:19)
	at com.android.tools.r8.internal.sx.a(R8_8.8.18_9b4b11a8a876a48ac24063637e04d2dfb3a8d86172b84ba7a90f97001fecb008:3)
	at java.base/java.util.ArrayList.forEach(ArrayList.java:1596)
	at com.android.tools.r8.internal.sx.a(R8_8.8.18_9b4b11a8a876a48ac24063637e04d2dfb3a8d86172b84ba7a90f97001fecb008:2)
	at com.android.tools.r8.internal.nq0.a(R8_8.8.18_9b4b11a8a876a48ac24063637e04d2dfb3a8d86172b84ba7a90f97001fecb008:10)
	at com.android.tools.r8.internal.nq0.a(R8_8.8.18_9b4b11a8a876a48ac24063637e04d2dfb3a8d86172b84ba7a90f97001fecb008:33)
	at com.android.tools.r8.internal.nq0.a(R8_8.8.18_9b4b11a8a876a48ac24063637e04d2dfb3a8d86172b84ba7a90f97001fecb008:25)
	at com.android.tools.r8.internal.nq0.a(R8_8.8.18_9b4b11a8a876a48ac24063637e04d2dfb3a8d86172b84ba7a90f97001fecb008:22)
	at com.android.tools.r8.K.a(R8_8.8.18_9b4b11a8a876a48ac24063637e04d2dfb3a8d86172b84ba7a90f97001fecb008:3)
	at com.android.tools.r8.kotlin.Z.a(R8_8.8.18_9b4b11a8a876a48ac24063637e04d2dfb3a8d86172b84ba7a90f97001fecb008:9)
	at com.android.tools.r8.D8.b(R8_8.8.18_9b4b11a8a876a48ac24063637e04d2dfb3a8d86172b84ba7a90f97001fecb008:17)
	at com.android.tools.r8.internal.Qq0.a(R8_8.8.18_9b4b11a8a876a48ac24063637e04d2dfb3a8d86172b84ba7a90f97001fecb008:57)
	at com.android.tools.r8.D8.a(R8_8.8.18_9b4b11a8a876a48ac24063637e04d2dfb3a8d86172b84ba7a90f97001fecb008:88)
	at com.android.tools.r8.D8.d(R8_8.8.18_9b4b11a8a876a48ac24063637e04d2dfb3a8d86172b84ba7a90f97001fecb008:137)
	at com.android.tools.r8.D8.b(R8_8.8.18_9b4b11a8a876a48ac24063637e04d2dfb3a8d86172b84ba7a90f97001fecb008:1)
	at com.android.tools.r8.internal.Fu.a(R8_8.8.18_9b4b11a8a876a48ac24063637e04d2dfb3a8d86172b84ba7a90f97001fecb008:28)
	at com.android.tools.r8.internal.Fu.b(R8_8.8.18_9b4b11a8a876a48ac24063637e04d2dfb3a8d86172b84ba7a90f97001fecb008:2)
	at com.android.tools.r8.D8.run(R8_8.8.18_9b4b11a8a876a48ac24063637e04d2dfb3a8d86172b84ba7a90f97001fecb008:11)
	at com.android.builder.dexing.D8DexArchiveBuilder.convert(D8DexArchiveBuilder.java:127)
	at com.android.build.gradle.internal.dexing.DexWorkActionKt.process(DexWorkAction.kt:178)
	at com.android.build.gradle.internal.dexing.DexWorkActionKt.processNonIncrementally(DexWorkAction.kt:146)
	at com.android.build.gradle.internal.dexing.DexWorkActionKt.launchProcessing(DexWorkAction.kt:73)
	at com.android.build.gradle.internal.dexing.DexWorkAction.run(DexWorkAction.kt:45)
	at com.android.build.gradle.internal.profile.ProfileAwareWorkAction.execute(ProfileAwareWorkAction.kt:74)
	at org.gradle.workers.internal.DefaultWorkerServer.execute(DefaultWorkerServer.java:63)
	at org.gradle.workers.internal.NoIsolationWorkerFactory$1$1.create(NoIsolationWorkerFactory.java:66)
	at org.gradle.workers.internal.NoIsolationWorkerFactory$1$1.create(NoIsolationWorkerFactory.java:62)
	at org.gradle.internal.classloader.ClassLoaderUtils.executeInClassloader(ClassLoaderUtils.java:100)
	at org.gradle.workers.internal.NoIsolationWorkerFactory$1.lambda$execute$0(NoIsolationWorkerFactory.java:62)
	at org.gradle.workers.internal.AbstractWorker$1.call(AbstractWorker.java:44)
	at org.gradle.workers.internal.AbstractWorker$1.call(AbstractWorker.java:41)
	at org.gradle.internal.operations.DefaultBuildOperationRunner$CallableBuildOperationWorker.execute(DefaultBuildOperationRunner.java:209)
	at org.gradle.internal.operations.DefaultBuildOperationRunner$CallableBuildOperationWorker.execute(DefaultBuildOperationRunner.java:204)
	at org.gradle.internal.operations.DefaultBuildOperationRunner$2.execute(DefaultBuildOperationRunner.java:66)
	at org.gradle.internal.operations.DefaultBuildOperationRunner$2.execute(DefaultBuildOperationRunner.java:59)
	at org.gradle.internal.operations.DefaultBuildOperationRunner.execute(DefaultBuildOperationRunner.java:166)
	at org.gradle.internal.operations.DefaultBuildOperationRunner.execute(DefaultBuildOperationRunner.java:59)
	at org.gradle.internal.operations.DefaultBuildOperationRunner.call(DefaultBuildOperationRunner.java:53)
	at org.gradle.workers.internal.AbstractWorker.executeWrappedInBuildOperation(AbstractWorker.java:41)
	at org.gradle.workers.internal.NoIsolationWorkerFactory$1.execute(NoIsolationWorkerFactory.java:59)
	at org.gradle.workers.internal.DefaultWorkerExecutor.lambda$submitWork$0(DefaultWorkerExecutor.java:174)
	at java.base/java.util.concurrent.FutureTask.run(FutureTask.java:317)
	at org.gradle.internal.work.DefaultConditionalExecutionQueue$ExecutionRunner.runExecution(DefaultConditionalExecutionQueue.java:194)
	at org.gradle.internal.work.DefaultConditionalExecutionQueue$ExecutionRunner.access$700(DefaultConditionalExecutionQueue.java:127)
	at org.gradle.internal.work.DefaultConditionalExecutionQueue$ExecutionRunner$1.run(DefaultConditionalExecutionQueue.java:169)
	at org.gradle.internal.Factories$1.create(Factories.java:31)
	at org.gradle.internal.work.DefaultWorkerLeaseService.withLocks(DefaultWorkerLeaseService.java:263)
	at org.gradle.internal.work.DefaultWorkerLeaseService.runAsWorkerThread(DefaultWorkerLeaseService.java:127)
	at org.gradle.internal.work.DefaultWorkerLeaseService.runAsWorkerThread(DefaultWorkerLeaseService.java:132)
	at org.gradle.internal.work.DefaultConditionalExecutionQueue$ExecutionRunner.runBatch(DefaultConditionalExecutionQueue.java:164)
	at org.gradle.internal.work.DefaultConditionalExecutionQueue$ExecutionRunner.run(DefaultConditionalExecutionQueue.java:133)
	at java.base/java.util.concurrent.Executors$RunnableAdapter.call(Executors.java:572)
	at java.base/java.util.concurrent.FutureTask.run(FutureTask.java:317)
	at org.gradle.internal.concurrent.ExecutorPolicy$CatchAndRecordFailures.onExecute(ExecutorPolicy.java:64)
	at org.gradle.internal.concurrent.AbstractManagedExecutor$1.run(AbstractManagedExecutor.java:48)
	at java.base/java.util.concurrent.ThreadPoolExecutor.runWorker(ThreadPoolExecutor.java:1144)
	at java.base/java.util.concurrent.ThreadPoolExecutor$Worker.run(ThreadPoolExecutor.java:642)
	at java.base/java.lang.Thread.run(Thread.java:1583)

WARNING: D8: An error occurred when parsing kotlin metadata. This normally happens when using a newer version of kotlin than the kotlin version released when this version of R8 was created. To find compatible kotlin versions, please see: https://developer.android.com/studio/build/kotlin-d8-r8-versions
WARNING: D8: Unexpected error during rewriting of Kotlin metadata for class 'com.sevtinge.hyperceiler.module.hook.systemframework.DisableCleaner$init$5':
com.android.tools.r8.internal.nu0: Should never be called
	at com.android.tools.r8.kotlin.a0.a(R8_8.8.18_9b4b11a8a876a48ac24063637e04d2dfb3a8d86172b84ba7a90f97001fecb008:2)
	at com.android.tools.r8.kotlin.Z.a(R8_8.8.18_9b4b11a8a876a48ac24063637e04d2dfb3a8d86172b84ba7a90f97001fecb008:185)
	at com.android.tools.r8.kotlin.Z.a(R8_8.8.18_9b4b11a8a876a48ac24063637e04d2dfb3a8d86172b84ba7a90f97001fecb008:184)
	at com.android.tools.r8.internal.nq0.a(R8_8.8.18_9b4b11a8a876a48ac24063637e04d2dfb3a8d86172b84ba7a90f97001fecb008:23)
	at com.android.tools.r8.internal.nq0.a(R8_8.8.18_9b4b11a8a876a48ac24063637e04d2dfb3a8d86172b84ba7a90f97001fecb008:34)
	at com.android.tools.r8.internal.nq0.a(R8_8.8.18_9b4b11a8a876a48ac24063637e04d2dfb3a8d86172b84ba7a90f97001fecb008:17)
	at com.google.common.util.concurrent.TrustedListenableFutureTask$TrustedFutureInterruptibleTask.runInterruptibly(TrustedListenableFutureTask.java:131)
	at com.google.common.util.concurrent.InterruptibleTask.run(InterruptibleTask.java:75)
	at com.google.common.util.concurrent.TrustedListenableFutureTask.run(TrustedListenableFutureTask.java:82)
	at com.google.common.util.concurrent.MoreExecutors$DirectExecutorService.execute(MoreExecutors.java:327)
	at java.base/java.util.concurrent.AbstractExecutorService.submit(AbstractExecutorService.java:145)
	at com.google.common.util.concurrent.AbstractListeningExecutorService.submit(AbstractListeningExecutorService.java:79)
	at com.google.common.util.concurrent.AbstractListeningExecutorService.submit(AbstractListeningExecutorService.java:37)
	at com.android.tools.r8.internal.oq0.submit(R8_8.8.18_9b4b11a8a876a48ac24063637e04d2dfb3a8d86172b84ba7a90f97001fecb008:1)
	at com.android.tools.r8.internal.aq0.a(R8_8.8.18_9b4b11a8a876a48ac24063637e04d2dfb3a8d86172b84ba7a90f97001fecb008:1)
	at com.android.tools.r8.internal.nq0.a(R8_8.8.18_9b4b11a8a876a48ac24063637e04d2dfb3a8d86172b84ba7a90f97001fecb008:19)
	at com.android.tools.r8.internal.sx.a(R8_8.8.18_9b4b11a8a876a48ac24063637e04d2dfb3a8d86172b84ba7a90f97001fecb008:3)
	at java.base/java.util.ArrayList.forEach(ArrayList.java:1596)
	at com.android.tools.r8.internal.sx.a(R8_8.8.18_9b4b11a8a876a48ac24063637e04d2dfb3a8d86172b84ba7a90f97001fecb008:2)
	at com.android.tools.r8.internal.nq0.a(R8_8.8.18_9b4b11a8a876a48ac24063637e04d2dfb3a8d86172b84ba7a90f97001fecb008:10)
	at com.android.tools.r8.internal.nq0.a(R8_8.8.18_9b4b11a8a876a48ac24063637e04d2dfb3a8d86172b84ba7a90f97001fecb008:33)
	at com.android.tools.r8.internal.nq0.a(R8_8.8.18_9b4b11a8a876a48ac24063637e04d2dfb3a8d86172b84ba7a90f97001fecb008:25)
	at com.android.tools.r8.internal.nq0.a(R8_8.8.18_9b4b11a8a876a48ac24063637e04d2dfb3a8d86172b84ba7a90f97001fecb008:22)
	at com.android.tools.r8.K.a(R8_8.8.18_9b4b11a8a876a48ac24063637e04d2dfb3a8d86172b84ba7a90f97001fecb008:3)
	at com.android.tools.r8.kotlin.Z.a(R8_8.8.18_9b4b11a8a876a48ac24063637e04d2dfb3a8d86172b84ba7a90f97001fecb008:9)
	at com.android.tools.r8.D8.b(R8_8.8.18_9b4b11a8a876a48ac24063637e04d2dfb3a8d86172b84ba7a90f97001fecb008:17)
	at com.android.tools.r8.internal.Qq0.a(R8_8.8.18_9b4b11a8a876a48ac24063637e04d2dfb3a8d86172b84ba7a90f97001fecb008:57)
	at com.android.tools.r8.D8.a(R8_8.8.18_9b4b11a8a876a48ac24063637e04d2dfb3a8d86172b84ba7a90f97001fecb008:88)
	at com.android.tools.r8.D8.d(R8_8.8.18_9b4b11a8a876a48ac24063637e04d2dfb3a8d86172b84ba7a90f97001fecb008:137)
	at com.android.tools.r8.D8.b(R8_8.8.18_9b4b11a8a876a48ac24063637e04d2dfb3a8d86172b84ba7a90f97001fecb008:1)
	at com.android.tools.r8.internal.Fu.a(R8_8.8.18_9b4b11a8a876a48ac24063637e04d2dfb3a8d86172b84ba7a90f97001fecb008:28)
	at com.android.tools.r8.internal.Fu.b(R8_8.8.18_9b4b11a8a876a48ac24063637e04d2dfb3a8d86172b84ba7a90f97001fecb008:2)
	at com.android.tools.r8.D8.run(R8_8.8.18_9b4b11a8a876a48ac24063637e04d2dfb3a8d86172b84ba7a90f97001fecb008:11)
	at com.android.builder.dexing.D8DexArchiveBuilder.convert(D8DexArchiveBuilder.java:127)
	at com.android.build.gradle.internal.dexing.DexWorkActionKt.process(DexWorkAction.kt:178)
	at com.android.build.gradle.internal.dexing.DexWorkActionKt.processNonIncrementally(DexWorkAction.kt:146)
	at com.android.build.gradle.internal.dexing.DexWorkActionKt.launchProcessing(DexWorkAction.kt:73)
	at com.android.build.gradle.internal.dexing.DexWorkAction.run(DexWorkAction.kt:45)
	at com.android.build.gradle.internal.profile.ProfileAwareWorkAction.execute(ProfileAwareWorkAction.kt:74)
	at org.gradle.workers.internal.DefaultWorkerServer.execute(DefaultWorkerServer.java:63)
	at org.gradle.workers.internal.NoIsolationWorkerFactory$1$1.create(NoIsolationWorkerFactory.java:66)
	at org.gradle.workers.internal.NoIsolationWorkerFactory$1$1.create(NoIsolationWorkerFactory.java:62)
	at org.gradle.internal.classloader.ClassLoaderUtils.executeInClassloader(ClassLoaderUtils.java:100)
	at org.gradle.workers.internal.NoIsolationWorkerFactory$1.lambda$execute$0(NoIsolationWorkerFactory.java:62)
	at org.gradle.workers.internal.AbstractWorker$1.call(AbstractWorker.java:44)
	at org.gradle.workers.internal.AbstractWorker$1.call(AbstractWorker.java:41)
	at org.gradle.internal.operations.DefaultBuildOperationRunner$CallableBuildOperationWorker.execute(DefaultBuildOperationRunner.java:209)
	at org.gradle.internal.operations.DefaultBuildOperationRunner$CallableBuildOperationWorker.execute(DefaultBuildOperationRunner.java:204)
	at org.gradle.internal.operations.DefaultBuildOperationRunner$2.execute(DefaultBuildOperationRunner.java:66)
	at org.gradle.internal.operations.DefaultBuildOperationRunner$2.execute(DefaultBuildOperationRunner.java:59)
	at org.gradle.internal.operations.DefaultBuildOperationRunner.execute(DefaultBuildOperationRunner.java:166)
	at org.gradle.internal.operations.DefaultBuildOperationRunner.execute(DefaultBuildOperationRunner.java:59)
	at org.gradle.internal.operations.DefaultBuildOperationRunner.call(DefaultBuildOperationRunner.java:53)
	at org.gradle.workers.internal.AbstractWorker.executeWrappedInBuildOperation(AbstractWorker.java:41)
	at org.gradle.workers.internal.NoIsolationWorkerFactory$1.execute(NoIsolationWorkerFactory.java:59)
	at org.gradle.workers.internal.DefaultWorkerExecutor.lambda$submitWork$0(DefaultWorkerExecutor.java:174)
	at java.base/java.util.concurrent.FutureTask.run(FutureTask.java:317)
	at org.gradle.internal.work.DefaultConditionalExecutionQueue$ExecutionRunner.runExecution(DefaultConditionalExecutionQueue.java:194)
	at org.gradle.internal.work.DefaultConditionalExecutionQueue$ExecutionRunner.access$700(DefaultConditionalExecutionQueue.java:127)
	at org.gradle.internal.work.DefaultConditionalExecutionQueue$ExecutionRunner$1.run(DefaultConditionalExecutionQueue.java:169)
	at org.gradle.internal.Factories$1.create(Factories.java:31)
	at org.gradle.internal.work.DefaultWorkerLeaseService.withLocks(DefaultWorkerLeaseService.java:263)
	at org.gradle.internal.work.DefaultWorkerLeaseService.runAsWorkerThread(DefaultWorkerLeaseService.java:127)
	at org.gradle.internal.work.DefaultWorkerLeaseService.runAsWorkerThread(DefaultWorkerLeaseService.java:132)
	at org.gradle.internal.work.DefaultConditionalExecutionQueue$ExecutionRunner.runBatch(DefaultConditionalExecutionQueue.java:164)
	at org.gradle.internal.work.DefaultConditionalExecutionQueue$ExecutionRunner.run(DefaultConditionalExecutionQueue.java:133)
	at java.base/java.util.concurrent.Executors$RunnableAdapter.call(Executors.java:572)
	at java.base/java.util.concurrent.FutureTask.run(FutureTask.java:317)
	at org.gradle.internal.concurrent.ExecutorPolicy$CatchAndRecordFailures.onExecute(ExecutorPolicy.java:64)
	at org.gradle.internal.concurrent.AbstractManagedExecutor$1.run(AbstractManagedExecutor.java:48)
	at java.base/java.util.concurrent.ThreadPoolExecutor.runWorker(ThreadPoolExecutor.java:1144)
	at java.base/java.util.concurrent.ThreadPoolExecutor$Worker.run(ThreadPoolExecutor.java:642)
	at java.base/java.lang.Thread.run(Thread.java:1583)

WARNING: D8: An error occurred when parsing kotlin metadata. This normally happens when using a newer version of kotlin than the kotlin version released when this version of R8 was created. To find compatible kotlin versions, please see: https://developer.android.com/studio/build/kotlin-d8-r8-versions
WARNING: D8: Unexpected error during rewriting of Kotlin metadata for class 'com.sevtinge.hyperceiler.module.hook.securitycenter.sidebar.video.DisableRemoveScreenHoldOn':
com.android.tools.r8.internal.nu0: Should never be called
	at com.android.tools.r8.kotlin.a0.a(R8_8.8.18_9b4b11a8a876a48ac24063637e04d2dfb3a8d86172b84ba7a90f97001fecb008:2)
	at com.android.tools.r8.kotlin.Z.a(R8_8.8.18_9b4b11a8a876a48ac24063637e04d2dfb3a8d86172b84ba7a90f97001fecb008:185)
	at com.android.tools.r8.kotlin.Z.a(R8_8.8.18_9b4b11a8a876a48ac24063637e04d2dfb3a8d86172b84ba7a90f97001fecb008:184)
	at com.android.tools.r8.internal.nq0.a(R8_8.8.18_9b4b11a8a876a48ac24063637e04d2dfb3a8d86172b84ba7a90f97001fecb008:23)
	at com.android.tools.r8.internal.nq0.a(R8_8.8.18_9b4b11a8a876a48ac24063637e04d2dfb3a8d86172b84ba7a90f97001fecb008:34)
	at com.android.tools.r8.internal.nq0.a(R8_8.8.18_9b4b11a8a876a48ac24063637e04d2dfb3a8d86172b84ba7a90f97001fecb008:17)
	at com.google.common.util.concurrent.TrustedListenableFutureTask$TrustedFutureInterruptibleTask.runInterruptibly(TrustedListenableFutureTask.java:131)
	at com.google.common.util.concurrent.InterruptibleTask.run(InterruptibleTask.java:75)
	at com.google.common.util.concurrent.TrustedListenableFutureTask.run(TrustedListenableFutureTask.java:82)
	at com.google.common.util.concurrent.MoreExecutors$DirectExecutorService.execute(MoreExecutors.java:327)
	at java.base/java.util.concurrent.AbstractExecutorService.submit(AbstractExecutorService.java:145)
	at com.google.common.util.concurrent.AbstractListeningExecutorService.submit(AbstractListeningExecutorService.java:79)
	at com.google.common.util.concurrent.AbstractListeningExecutorService.submit(AbstractListeningExecutorService.java:37)
	at com.android.tools.r8.internal.oq0.submit(R8_8.8.18_9b4b11a8a876a48ac24063637e04d2dfb3a8d86172b84ba7a90f97001fecb008:1)
	at com.android.tools.r8.internal.aq0.a(R8_8.8.18_9b4b11a8a876a48ac24063637e04d2dfb3a8d86172b84ba7a90f97001fecb008:1)
	at com.android.tools.r8.internal.nq0.a(R8_8.8.18_9b4b11a8a876a48ac24063637e04d2dfb3a8d86172b84ba7a90f97001fecb008:19)
	at com.android.tools.r8.internal.sx.a(R8_8.8.18_9b4b11a8a876a48ac24063637e04d2dfb3a8d86172b84ba7a90f97001fecb008:3)
	at java.base/java.util.ArrayList.forEach(ArrayList.java:1596)
	at com.android.tools.r8.internal.sx.a(R8_8.8.18_9b4b11a8a876a48ac24063637e04d2dfb3a8d86172b84ba7a90f97001fecb008:2)
	at com.android.tools.r8.internal.nq0.a(R8_8.8.18_9b4b11a8a876a48ac24063637e04d2dfb3a8d86172b84ba7a90f97001fecb008:10)
	at com.android.tools.r8.internal.nq0.a(R8_8.8.18_9b4b11a8a876a48ac24063637e04d2dfb3a8d86172b84ba7a90f97001fecb008:33)
	at com.android.tools.r8.internal.nq0.a(R8_8.8.18_9b4b11a8a876a48ac24063637e04d2dfb3a8d86172b84ba7a90f97001fecb008:25)
	at com.android.tools.r8.internal.nq0.a(R8_8.8.18_9b4b11a8a876a48ac24063637e04d2dfb3a8d86172b84ba7a90f97001fecb008:22)
	at com.android.tools.r8.K.a(R8_8.8.18_9b4b11a8a876a48ac24063637e04d2dfb3a8d86172b84ba7a90f97001fecb008:3)
	at com.android.tools.r8.kotlin.Z.a(R8_8.8.18_9b4b11a8a876a48ac24063637e04d2dfb3a8d86172b84ba7a90f97001fecb008:9)
	at com.android.tools.r8.D8.b(R8_8.8.18_9b4b11a8a876a48ac24063637e04d2dfb3a8d86172b84ba7a90f97001fecb008:17)
	at com.android.tools.r8.internal.Qq0.a(R8_8.8.18_9b4b11a8a876a48ac24063637e04d2dfb3a8d86172b84ba7a90f97001fecb008:57)
	at com.android.tools.r8.D8.a(R8_8.8.18_9b4b11a8a876a48ac24063637e04d2dfb3a8d86172b84ba7a90f97001fecb008:88)
	at com.android.tools.r8.D8.d(R8_8.8.18_9b4b11a8a876a48ac24063637e04d2dfb3a8d86172b84ba7a90f97001fecb008:137)
	at com.android.tools.r8.D8.b(R8_8.8.18_9b4b11a8a876a48ac24063637e04d2dfb3a8d86172b84ba7a90f97001fecb008:1)
	at com.android.tools.r8.internal.Fu.a(R8_8.8.18_9b4b11a8a876a48ac24063637e04d2dfb3a8d86172b84ba7a90f97001fecb008:28)
	at com.android.tools.r8.internal.Fu.b(R8_8.8.18_9b4b11a8a876a48ac24063637e04d2dfb3a8d86172b84ba7a90f97001fecb008:2)
	at com.android.tools.r8.D8.run(R8_8.8.18_9b4b11a8a876a48ac24063637e04d2dfb3a8d86172b84ba7a90f97001fecb008:11)
	at com.android.builder.dexing.D8DexArchiveBuilder.convert(D8DexArchiveBuilder.java:127)
	at com.android.build.gradle.internal.dexing.DexWorkActionKt.process(DexWorkAction.kt:178)
	at com.android.build.gradle.internal.dexing.DexWorkActionKt.processNonIncrementally(DexWorkAction.kt:146)
	at com.android.build.gradle.internal.dexing.DexWorkActionKt.launchProcessing(DexWorkAction.kt:73)
	at com.android.build.gradle.internal.dexing.DexWorkAction.run(DexWorkAction.kt:45)
	at com.android.build.gradle.internal.profile.ProfileAwareWorkAction.execute(ProfileAwareWorkAction.kt:74)
	at org.gradle.workers.internal.DefaultWorkerServer.execute(DefaultWorkerServer.java:63)
	at org.gradle.workers.internal.NoIsolationWorkerFactory$1$1.create(NoIsolationWorkerFactory.java:66)
	at org.gradle.workers.internal.NoIsolationWorkerFactory$1$1.create(NoIsolationWorkerFactory.java:62)
	at org.gradle.internal.classloader.ClassLoaderUtils.executeInClassloader(ClassLoaderUtils.java:100)
	at org.gradle.workers.internal.NoIsolationWorkerFactory$1.lambda$execute$0(NoIsolationWorkerFactory.java:62)
	at org.gradle.workers.internal.AbstractWorker$1.call(AbstractWorker.java:44)
	at org.gradle.workers.internal.AbstractWorker$1.call(AbstractWorker.java:41)
	at org.gradle.internal.operations.DefaultBuildOperationRunner$CallableBuildOperationWorker.execute(DefaultBuildOperationRunner.java:209)
	at org.gradle.internal.operations.DefaultBuildOperationRunner$CallableBuildOperationWorker.execute(DefaultBuildOperationRunner.java:204)
	at org.gradle.internal.operations.DefaultBuildOperationRunner$2.execute(DefaultBuildOperationRunner.java:66)
	at org.gradle.internal.operations.DefaultBuildOperationRunner$2.execute(DefaultBuildOperationRunner.java:59)
	at org.gradle.internal.operations.DefaultBuildOperationRunner.execute(DefaultBuildOperationRunner.java:166)
	at org.gradle.internal.operations.DefaultBuildOperationRunner.execute(DefaultBuildOperationRunner.java:59)
	at org.gradle.internal.operations.DefaultBuildOperationRunner.call(DefaultBuildOperationRunner.java:53)
	at org.gradle.workers.internal.AbstractWorker.executeWrappedInBuildOperation(AbstractWorker.java:41)
	at org.gradle.workers.internal.NoIsolationWorkerFactory$1.execute(NoIsolationWorkerFactory.java:59)
	at org.gradle.workers.internal.DefaultWorkerExecutor.lambda$submitWork$0(DefaultWorkerExecutor.java:174)
	at java.base/java.util.concurrent.FutureTask.run(FutureTask.java:317)
	at org.gradle.internal.work.DefaultConditionalExecutionQueue$ExecutionRunner.runExecution(DefaultConditionalExecutionQueue.java:194)
	at org.gradle.internal.work.DefaultConditionalExecutionQueue$ExecutionRunner.access$700(DefaultConditionalExecutionQueue.java:127)
	at org.gradle.internal.work.DefaultConditionalExecutionQueue$ExecutionRunner$1.run(DefaultConditionalExecutionQueue.java:169)
	at org.gradle.internal.Factories$1.create(Factories.java:31)
	at org.gradle.internal.work.DefaultWorkerLeaseService.withLocks(DefaultWorkerLeaseService.java:263)
	at org.gradle.internal.work.DefaultWorkerLeaseService.runAsWorkerThread(DefaultWorkerLeaseService.java:127)
	at org.gradle.internal.work.DefaultWorkerLeaseService.runAsWorkerThread(DefaultWorkerLeaseService.java:132)
	at org.gradle.internal.work.DefaultConditionalExecutionQueue$ExecutionRunner.runBatch(DefaultConditionalExecutionQueue.java:164)
	at org.gradle.internal.work.DefaultConditionalExecutionQueue$ExecutionRunner.run(DefaultConditionalExecutionQueue.java:133)
	at java.base/java.util.concurrent.Executors$RunnableAdapter.call(Executors.java:572)
	at java.base/java.util.concurrent.FutureTask.run(FutureTask.java:317)
	at org.gradle.internal.concurrent.ExecutorPolicy$CatchAndRecordFailures.onExecute(ExecutorPolicy.java:64)
	at org.gradle.internal.concurrent.AbstractManagedExecutor$1.run(AbstractManagedExecutor.java:48)
	at java.base/java.util.concurrent.ThreadPoolExecutor.runWorker(ThreadPoolExecutor.java:1144)
	at java.base/java.util.concurrent.ThreadPoolExecutor$Worker.run(ThreadPoolExecutor.java:642)
	at java.base/java.lang.Thread.run(Thread.java:1583)

WARNING: D8: An error occurred when parsing kotlin metadata. This normally happens when using a newer version of kotlin than the kotlin version released when this version of R8 was created. To find compatible kotlin versions, please see: https://developer.android.com/studio/build/kotlin-d8-r8-versions
WARNING: D8: Unexpected error during rewriting of Kotlin metadata for class 'com.sevtinge.hyperceiler.module.hook.systemframework.network.N1Band':
com.android.tools.r8.internal.nu0: Should never be called
	at com.android.tools.r8.kotlin.a0.a(R8_8.8.18_9b4b11a8a876a48ac24063637e04d2dfb3a8d86172b84ba7a90f97001fecb008:2)
	at com.android.tools.r8.kotlin.Z.a(R8_8.8.18_9b4b11a8a876a48ac24063637e04d2dfb3a8d86172b84ba7a90f97001fecb008:185)
	at com.android.tools.r8.kotlin.Z.a(R8_8.8.18_9b4b11a8a876a48ac24063637e04d2dfb3a8d86172b84ba7a90f97001fecb008:184)
	at com.android.tools.r8.internal.nq0.a(R8_8.8.18_9b4b11a8a876a48ac24063637e04d2dfb3a8d86172b84ba7a90f97001fecb008:23)
	at com.android.tools.r8.internal.nq0.a(R8_8.8.18_9b4b11a8a876a48ac24063637e04d2dfb3a8d86172b84ba7a90f97001fecb008:34)
	at com.android.tools.r8.internal.nq0.a(R8_8.8.18_9b4b11a8a876a48ac24063637e04d2dfb3a8d86172b84ba7a90f97001fecb008:17)
	at com.google.common.util.concurrent.TrustedListenableFutureTask$TrustedFutureInterruptibleTask.runInterruptibly(TrustedListenableFutureTask.java:131)
	at com.google.common.util.concurrent.InterruptibleTask.run(InterruptibleTask.java:75)
	at com.google.common.util.concurrent.TrustedListenableFutureTask.run(TrustedListenableFutureTask.java:82)
	at com.google.common.util.concurrent.MoreExecutors$DirectExecutorService.execute(MoreExecutors.java:327)
	at java.base/java.util.concurrent.AbstractExecutorService.submit(AbstractExecutorService.java:145)
	at com.google.common.util.concurrent.AbstractListeningExecutorService.submit(AbstractListeningExecutorService.java:79)
	at com.google.common.util.concurrent.AbstractListeningExecutorService.submit(AbstractListeningExecutorService.java:37)
	at com.android.tools.r8.internal.oq0.submit(R8_8.8.18_9b4b11a8a876a48ac24063637e04d2dfb3a8d86172b84ba7a90f97001fecb008:1)
	at com.android.tools.r8.internal.aq0.a(R8_8.8.18_9b4b11a8a876a48ac24063637e04d2dfb3a8d86172b84ba7a90f97001fecb008:1)
	at com.android.tools.r8.internal.nq0.a(R8_8.8.18_9b4b11a8a876a48ac24063637e04d2dfb3a8d86172b84ba7a90f97001fecb008:19)
	at com.android.tools.r8.internal.sx.a(R8_8.8.18_9b4b11a8a876a48ac24063637e04d2dfb3a8d86172b84ba7a90f97001fecb008:3)
	at java.base/java.util.ArrayList.forEach(ArrayList.java:1596)
	at com.android.tools.r8.internal.sx.a(R8_8.8.18_9b4b11a8a876a48ac24063637e04d2dfb3a8d86172b84ba7a90f97001fecb008:2)
	at com.android.tools.r8.internal.nq0.a(R8_8.8.18_9b4b11a8a876a48ac24063637e04d2dfb3a8d86172b84ba7a90f97001fecb008:10)
	at com.android.tools.r8.internal.nq0.a(R8_8.8.18_9b4b11a8a876a48ac24063637e04d2dfb3a8d86172b84ba7a90f97001fecb008:33)
	at com.android.tools.r8.internal.nq0.a(R8_8.8.18_9b4b11a8a876a48ac24063637e04d2dfb3a8d86172b84ba7a90f97001fecb008:25)
	at com.android.tools.r8.internal.nq0.a(R8_8.8.18_9b4b11a8a876a48ac24063637e04d2dfb3a8d86172b84ba7a90f97001fecb008:22)
	at com.android.tools.r8.K.a(R8_8.8.18_9b4b11a8a876a48ac24063637e04d2dfb3a8d86172b84ba7a90f97001fecb008:3)
	at com.android.tools.r8.kotlin.Z.a(R8_8.8.18_9b4b11a8a876a48ac24063637e04d2dfb3a8d86172b84ba7a90f97001fecb008:9)
	at com.android.tools.r8.D8.b(R8_8.8.18_9b4b11a8a876a48ac24063637e04d2dfb3a8d86172b84ba7a90f97001fecb008:17)
	at com.android.tools.r8.internal.Qq0.a(R8_8.8.18_9b4b11a8a876a48ac24063637e04d2dfb3a8d86172b84ba7a90f97001fecb008:57)
	at com.android.tools.r8.D8.a(R8_8.8.18_9b4b11a8a876a48ac24063637e04d2dfb3a8d86172b84ba7a90f97001fecb008:88)
	at com.android.tools.r8.D8.d(R8_8.8.18_9b4b11a8a876a48ac24063637e04d2dfb3a8d86172b84ba7a90f97001fecb008:137)
	at com.android.tools.r8.D8.b(R8_8.8.18_9b4b11a8a876a48ac24063637e04d2dfb3a8d86172b84ba7a90f97001fecb008:1)
	at com.android.tools.r8.internal.Fu.a(R8_8.8.18_9b4b11a8a876a48ac24063637e04d2dfb3a8d86172b84ba7a90f97001fecb008:28)
	at com.android.tools.r8.internal.Fu.b(R8_8.8.18_9b4b11a8a876a48ac24063637e04d2dfb3a8d86172b84ba7a90f97001fecb008:2)
	at com.android.tools.r8.D8.run(R8_8.8.18_9b4b11a8a876a48ac24063637e04d2dfb3a8d86172b84ba7a90f97001fecb008:11)
	at com.android.builder.dexing.D8DexArchiveBuilder.convert(D8DexArchiveBuilder.java:127)
	at com.android.build.gradle.internal.dexing.DexWorkActionKt.process(DexWorkAction.kt:178)
	at com.android.build.gradle.internal.dexing.DexWorkActionKt.processNonIncrementally(DexWorkAction.kt:146)
	at com.android.build.gradle.internal.dexing.DexWorkActionKt.launchProcessing(DexWorkAction.kt:73)
	at com.android.build.gradle.internal.dexing.DexWorkAction.run(DexWorkAction.kt:45)
	at com.android.build.gradle.internal.profile.ProfileAwareWorkAction.execute(ProfileAwareWorkAction.kt:74)
	at org.gradle.workers.internal.DefaultWorkerServer.execute(DefaultWorkerServer.java:63)
	at org.gradle.workers.internal.NoIsolationWorkerFactory$1$1.create(NoIsolationWorkerFactory.java:66)
	at org.gradle.workers.internal.NoIsolationWorkerFactory$1$1.create(NoIsolationWorkerFactory.java:62)
	at org.gradle.internal.classloader.ClassLoaderUtils.executeInClassloader(ClassLoaderUtils.java:100)
	at org.gradle.workers.internal.NoIsolationWorkerFactory$1.lambda$execute$0(NoIsolationWorkerFactory.java:62)
	at org.gradle.workers.internal.AbstractWorker$1.call(AbstractWorker.java:44)
	at org.gradle.workers.internal.AbstractWorker$1.call(AbstractWorker.java:41)
	at org.gradle.internal.operations.DefaultBuildOperationRunner$CallableBuildOperationWorker.execute(DefaultBuildOperationRunner.java:209)
	at org.gradle.internal.operations.DefaultBuildOperationRunner$CallableBuildOperationWorker.execute(DefaultBuildOperationRunner.java:204)
	at org.gradle.internal.operations.DefaultBuildOperationRunner$2.execute(DefaultBuildOperationRunner.java:66)
	at org.gradle.internal.operations.DefaultBuildOperationRunner$2.execute(DefaultBuildOperationRunner.java:59)
	at org.gradle.internal.operations.DefaultBuildOperationRunner.execute(DefaultBuildOperationRunner.java:166)
	at org.gradle.internal.operations.DefaultBuildOperationRunner.execute(DefaultBuildOperationRunner.java:59)
	at org.gradle.internal.operations.DefaultBuildOperationRunner.call(DefaultBuildOperationRunner.java:53)
	at org.gradle.workers.internal.AbstractWorker.executeWrappedInBuildOperation(AbstractWorker.java:41)
	at org.gradle.workers.internal.NoIsolationWorkerFactory$1.execute(NoIsolationWorkerFactory.java:59)
	at org.gradle.workers.internal.DefaultWorkerExecutor.lambda$submitWork$0(DefaultWorkerExecutor.java:174)
	at java.base/java.util.concurrent.FutureTask.run(FutureTask.java:317)
	at org.gradle.internal.work.DefaultConditionalExecutionQueue$ExecutionRunner.runExecution(DefaultConditionalExecutionQueue.java:194)
	at org.gradle.internal.work.DefaultConditionalExecutionQueue$ExecutionRunner.access$700(DefaultConditionalExecutionQueue.java:127)
	at org.gradle.internal.work.DefaultConditionalExecutionQueue$ExecutionRunner$1.run(DefaultConditionalExecutionQueue.java:169)
	at org.gradle.internal.Factories$1.create(Factories.java:31)
	at org.gradle.internal.work.DefaultWorkerLeaseService.withLocks(DefaultWorkerLeaseService.java:263)
	at org.gradle.internal.work.DefaultWorkerLeaseService.runAsWorkerThread(DefaultWorkerLeaseService.java:127)
	at org.gradle.internal.work.DefaultWorkerLeaseService.runAsWorkerThread(DefaultWorkerLeaseService.java:132)
	at org.gradle.internal.work.DefaultConditionalExecutionQueue$ExecutionRunner.runBatch(DefaultConditionalExecutionQueue.java:164)
	at org.gradle.internal.work.DefaultConditionalExecutionQueue$ExecutionRunner.run(DefaultConditionalExecutionQueue.java:133)
	at java.base/java.util.concurrent.Executors$RunnableAdapter.call(Executors.java:572)
	at java.base/java.util.concurrent.FutureTask.run(FutureTask.java:317)
	at org.gradle.internal.concurrent.ExecutorPolicy$CatchAndRecordFailures.onExecute(ExecutorPolicy.java:64)
	at org.gradle.internal.concurrent.AbstractManagedExecutor$1.run(AbstractManagedExecutor.java:48)
	at java.base/java.util.concurrent.ThreadPoolExecutor.runWorker(ThreadPoolExecutor.java:1144)
	at java.base/java.util.concurrent.ThreadPoolExecutor$Worker.run(ThreadPoolExecutor.java:642)
	at java.base/java.lang.Thread.run(Thread.java:1583)

WARNING: D8: An error occurred when parsing kotlin metadata. This normally happens when using a newer version of kotlin than the kotlin version released when this version of R8 was created. To find compatible kotlin versions, please see: https://developer.android.com/studio/build/kotlin-d8-r8-versions
WARNING: D8: Unexpected error during rewriting of Kotlin metadata for class 'com.sevtinge.hyperceiler.module.hook.home.recent.RecentResource$init$lambda$0$$inlined$hookBeforeMethod$3':
com.android.tools.r8.internal.nu0: Should never be called
	at com.android.tools.r8.kotlin.a0.a(R8_8.8.18_9b4b11a8a876a48ac24063637e04d2dfb3a8d86172b84ba7a90f97001fecb008:2)
	at com.android.tools.r8.kotlin.Z.a(R8_8.8.18_9b4b11a8a876a48ac24063637e04d2dfb3a8d86172b84ba7a90f97001fecb008:185)
	at com.android.tools.r8.kotlin.Z.a(R8_8.8.18_9b4b11a8a876a48ac24063637e04d2dfb3a8d86172b84ba7a90f97001fecb008:184)
	at com.android.tools.r8.internal.nq0.a(R8_8.8.18_9b4b11a8a876a48ac24063637e04d2dfb3a8d86172b84ba7a90f97001fecb008:23)
	at com.android.tools.r8.internal.nq0.a(R8_8.8.18_9b4b11a8a876a48ac24063637e04d2dfb3a8d86172b84ba7a90f97001fecb008:34)
	at com.android.tools.r8.internal.nq0.a(R8_8.8.18_9b4b11a8a876a48ac24063637e04d2dfb3a8d86172b84ba7a90f97001fecb008:17)
	at com.google.common.util.concurrent.TrustedListenableFutureTask$TrustedFutureInterruptibleTask.runInterruptibly(TrustedListenableFutureTask.java:131)
	at com.google.common.util.concurrent.InterruptibleTask.run(InterruptibleTask.java:75)
	at com.google.common.util.concurrent.TrustedListenableFutureTask.run(TrustedListenableFutureTask.java:82)
	at com.google.common.util.concurrent.MoreExecutors$DirectExecutorService.execute(MoreExecutors.java:327)
	at java.base/java.util.concurrent.AbstractExecutorService.submit(AbstractExecutorService.java:145)
	at com.google.common.util.concurrent.AbstractListeningExecutorService.submit(AbstractListeningExecutorService.java:79)
	at com.google.common.util.concurrent.AbstractListeningExecutorService.submit(AbstractListeningExecutorService.java:37)
	at com.android.tools.r8.internal.oq0.submit(R8_8.8.18_9b4b11a8a876a48ac24063637e04d2dfb3a8d86172b84ba7a90f97001fecb008:1)
	at com.android.tools.r8.internal.aq0.a(R8_8.8.18_9b4b11a8a876a48ac24063637e04d2dfb3a8d86172b84ba7a90f97001fecb008:1)
	at com.android.tools.r8.internal.nq0.a(R8_8.8.18_9b4b11a8a876a48ac24063637e04d2dfb3a8d86172b84ba7a90f97001fecb008:19)
	at com.android.tools.r8.internal.sx.a(R8_8.8.18_9b4b11a8a876a48ac24063637e04d2dfb3a8d86172b84ba7a90f97001fecb008:3)
	at java.base/java.util.ArrayList.forEach(ArrayList.java:1596)
	at com.android.tools.r8.internal.sx.a(R8_8.8.18_9b4b11a8a876a48ac24063637e04d2dfb3a8d86172b84ba7a90f97001fecb008:2)
	at com.android.tools.r8.internal.nq0.a(R8_8.8.18_9b4b11a8a876a48ac24063637e04d2dfb3a8d86172b84ba7a90f97001fecb008:10)
	at com.android.tools.r8.internal.nq0.a(R8_8.8.18_9b4b11a8a876a48ac24063637e04d2dfb3a8d86172b84ba7a90f97001fecb008:33)
	at com.android.tools.r8.internal.nq0.a(R8_8.8.18_9b4b11a8a876a48ac24063637e04d2dfb3a8d86172b84ba7a90f97001fecb008:25)
	at com.android.tools.r8.internal.nq0.a(R8_8.8.18_9b4b11a8a876a48ac24063637e04d2dfb3a8d86172b84ba7a90f97001fecb008:22)
	at com.android.tools.r8.K.a(R8_8.8.18_9b4b11a8a876a48ac24063637e04d2dfb3a8d86172b84ba7a90f97001fecb008:3)
	at com.android.tools.r8.kotlin.Z.a(R8_8.8.18_9b4b11a8a876a48ac24063637e04d2dfb3a8d86172b84ba7a90f97001fecb008:9)
	at com.android.tools.r8.D8.b(R8_8.8.18_9b4b11a8a876a48ac24063637e04d2dfb3a8d86172b84ba7a90f97001fecb008:17)
	at com.android.tools.r8.internal.Qq0.a(R8_8.8.18_9b4b11a8a876a48ac24063637e04d2dfb3a8d86172b84ba7a90f97001fecb008:57)
	at com.android.tools.r8.D8.a(R8_8.8.18_9b4b11a8a876a48ac24063637e04d2dfb3a8d86172b84ba7a90f97001fecb008:88)
	at com.android.tools.r8.D8.d(R8_8.8.18_9b4b11a8a876a48ac24063637e04d2dfb3a8d86172b84ba7a90f97001fecb008:137)
	at com.android.tools.r8.D8.b(R8_8.8.18_9b4b11a8a876a48ac24063637e04d2dfb3a8d86172b84ba7a90f97001fecb008:1)
	at com.android.tools.r8.internal.Fu.a(R8_8.8.18_9b4b11a8a876a48ac24063637e04d2dfb3a8d86172b84ba7a90f97001fecb008:28)
	at com.android.tools.r8.internal.Fu.b(R8_8.8.18_9b4b11a8a876a48ac24063637e04d2dfb3a8d86172b84ba7a90f97001fecb008:2)
	at com.android.tools.r8.D8.run(R8_8.8.18_9b4b11a8a876a48ac24063637e04d2dfb3a8d86172b84ba7a90f97001fecb008:11)
	at com.android.builder.dexing.D8DexArchiveBuilder.convert(D8DexArchiveBuilder.java:127)
	at com.android.build.gradle.internal.dexing.DexWorkActionKt.process(DexWorkAction.kt:178)
	at com.android.build.gradle.internal.dexing.DexWorkActionKt.processNonIncrementally(DexWorkAction.kt:146)
	at com.android.build.gradle.internal.dexing.DexWorkActionKt.launchProcessing(DexWorkAction.kt:73)
	at com.android.build.gradle.internal.dexing.DexWorkAction.run(DexWorkAction.kt:45)
	at com.android.build.gradle.internal.profile.ProfileAwareWorkAction.execute(ProfileAwareWorkAction.kt:74)
	at org.gradle.workers.internal.DefaultWorkerServer.execute(DefaultWorkerServer.java:63)
	at org.gradle.workers.internal.NoIsolationWorkerFactory$1$1.create(NoIsolationWorkerFactory.java:66)
	at org.gradle.workers.internal.NoIsolationWorkerFactory$1$1.create(NoIsolationWorkerFactory.java:62)
	at org.gradle.internal.classloader.ClassLoaderUtils.executeInClassloader(ClassLoaderUtils.java:100)
	at org.gradle.workers.internal.NoIsolationWorkerFactory$1.lambda$execute$0(NoIsolationWorkerFactory.java:62)
	at org.gradle.workers.internal.AbstractWorker$1.call(AbstractWorker.java:44)
	at org.gradle.workers.internal.AbstractWorker$1.call(AbstractWorker.java:41)
	at org.gradle.internal.operations.DefaultBuildOperationRunner$CallableBuildOperationWorker.execute(DefaultBuildOperationRunner.java:209)
	at org.gradle.internal.operations.DefaultBuildOperationRunner$CallableBuildOperationWorker.execute(DefaultBuildOperationRunner.java:204)
	at org.gradle.internal.operations.DefaultBuildOperationRunner$2.execute(DefaultBuildOperationRunner.java:66)
	at org.gradle.internal.operations.DefaultBuildOperationRunner$2.execute(DefaultBuildOperationRunner.java:59)
	at org.gradle.internal.operations.DefaultBuildOperationRunner.execute(DefaultBuildOperationRunner.java:166)
	at org.gradle.internal.operations.DefaultBuildOperationRunner.execute(DefaultBuildOperationRunner.java:59)
	at org.gradle.internal.operations.DefaultBuildOperationRunner.call(DefaultBuildOperationRunner.java:53)
	at org.gradle.workers.internal.AbstractWorker.executeWrappedInBuildOperation(AbstractWorker.java:41)
	at org.gradle.workers.internal.NoIsolationWorkerFactory$1.execute(NoIsolationWorkerFactory.java:59)
	at org.gradle.workers.internal.DefaultWorkerExecutor.lambda$submitWork$0(DefaultWorkerExecutor.java:174)
	at java.base/java.util.concurrent.FutureTask.run(FutureTask.java:317)
	at org.gradle.internal.work.DefaultConditionalExecutionQueue$ExecutionRunner.runExecution(DefaultConditionalExecutionQueue.java:194)
	at org.gradle.internal.work.DefaultConditionalExecutionQueue$ExecutionRunner.access$700(DefaultConditionalExecutionQueue.java:127)
	at org.gradle.internal.work.DefaultConditionalExecutionQueue$ExecutionRunner$1.run(DefaultConditionalExecutionQueue.java:169)
	at org.gradle.internal.Factories$1.create(Factories.java:31)
	at org.gradle.internal.work.DefaultWorkerLeaseService.withLocks(DefaultWorkerLeaseService.java:263)
	at org.gradle.internal.work.DefaultWorkerLeaseService.runAsWorkerThread(DefaultWorkerLeaseService.java:127)
	at org.gradle.internal.work.DefaultWorkerLeaseService.runAsWorkerThread(DefaultWorkerLeaseService.java:132)
	at org.gradle.internal.work.DefaultConditionalExecutionQueue$ExecutionRunner.runBatch(DefaultConditionalExecutionQueue.java:164)
	at org.gradle.internal.work.DefaultConditionalExecutionQueue$ExecutionRunner.run(DefaultConditionalExecutionQueue.java:133)
	at java.base/java.util.concurrent.Executors$RunnableAdapter.call(Executors.java:572)
	at java.base/java.util.concurrent.FutureTask.run(FutureTask.java:317)
	at org.gradle.internal.concurrent.ExecutorPolicy$CatchAndRecordFailures.onExecute(ExecutorPolicy.java:64)
	at org.gradle.internal.concurrent.AbstractManagedExecutor$1.run(AbstractManagedExecutor.java:48)
	at java.base/java.util.concurrent.ThreadPoolExecutor.runWorker(ThreadPoolExecutor.java:1144)
	at java.base/java.util.concurrent.ThreadPoolExecutor$Worker.run(ThreadPoolExecutor.java:642)
	at java.base/java.lang.Thread.run(Thread.java:1583)

WARNING: D8: An error occurred when parsing kotlin metadata. This normally happens when using a newer version of kotlin than the kotlin version released when this version of R8 was created. To find compatible kotlin versions, please see: https://developer.android.com/studio/build/kotlin-d8-r8-versions
WARNING: D8: Unexpected error during rewriting of Kotlin metadata for class 'com.sevtinge.hyperceiler.utils.api.miuiStringToast.MiuiStringToast$StrongToastCategory':
com.android.tools.r8.internal.nu0: Should never be called
	at com.android.tools.r8.kotlin.a0.a(R8_8.8.18_9b4b11a8a876a48ac24063637e04d2dfb3a8d86172b84ba7a90f97001fecb008:2)
	at com.android.tools.r8.kotlin.Z.a(R8_8.8.18_9b4b11a8a876a48ac24063637e04d2dfb3a8d86172b84ba7a90f97001fecb008:185)
	at com.android.tools.r8.kotlin.Z.a(R8_8.8.18_9b4b11a8a876a48ac24063637e04d2dfb3a8d86172b84ba7a90f97001fecb008:184)
	at com.android.tools.r8.internal.nq0.a(R8_8.8.18_9b4b11a8a876a48ac24063637e04d2dfb3a8d86172b84ba7a90f97001fecb008:23)
	at com.android.tools.r8.internal.nq0.a(R8_8.8.18_9b4b11a8a876a48ac24063637e04d2dfb3a8d86172b84ba7a90f97001fecb008:34)
	at com.android.tools.r8.internal.nq0.a(R8_8.8.18_9b4b11a8a876a48ac24063637e04d2dfb3a8d86172b84ba7a90f97001fecb008:17)
	at com.google.common.util.concurrent.TrustedListenableFutureTask$TrustedFutureInterruptibleTask.runInterruptibly(TrustedListenableFutureTask.java:131)
	at com.google.common.util.concurrent.InterruptibleTask.run(InterruptibleTask.java:75)
	at com.google.common.util.concurrent.TrustedListenableFutureTask.run(TrustedListenableFutureTask.java:82)
	at com.google.common.util.concurrent.MoreExecutors$DirectExecutorService.execute(MoreExecutors.java:327)
	at java.base/java.util.concurrent.AbstractExecutorService.submit(AbstractExecutorService.java:145)
	at com.google.common.util.concurrent.AbstractListeningExecutorService.submit(AbstractListeningExecutorService.java:79)
	at com.google.common.util.concurrent.AbstractListeningExecutorService.submit(AbstractListeningExecutorService.java:37)
	at com.android.tools.r8.internal.oq0.submit(R8_8.8.18_9b4b11a8a876a48ac24063637e04d2dfb3a8d86172b84ba7a90f97001fecb008:1)
	at com.android.tools.r8.internal.aq0.a(R8_8.8.18_9b4b11a8a876a48ac24063637e04d2dfb3a8d86172b84ba7a90f97001fecb008:1)
	at com.android.tools.r8.internal.nq0.a(R8_8.8.18_9b4b11a8a876a48ac24063637e04d2dfb3a8d86172b84ba7a90f97001fecb008:19)
	at com.android.tools.r8.internal.sx.a(R8_8.8.18_9b4b11a8a876a48ac24063637e04d2dfb3a8d86172b84ba7a90f97001fecb008:3)
	at java.base/java.util.ArrayList.forEach(ArrayList.java:1596)
	at com.android.tools.r8.internal.sx.a(R8_8.8.18_9b4b11a8a876a48ac24063637e04d2dfb3a8d86172b84ba7a90f97001fecb008:2)
	at com.android.tools.r8.internal.nq0.a(R8_8.8.18_9b4b11a8a876a48ac24063637e04d2dfb3a8d86172b84ba7a90f97001fecb008:10)
	at com.android.tools.r8.internal.nq0.a(R8_8.8.18_9b4b11a8a876a48ac24063637e04d2dfb3a8d86172b84ba7a90f97001fecb008:33)
	at com.android.tools.r8.internal.nq0.a(R8_8.8.18_9b4b11a8a876a48ac24063637e04d2dfb3a8d86172b84ba7a90f97001fecb008:25)
	at com.android.tools.r8.internal.nq0.a(R8_8.8.18_9b4b11a8a876a48ac24063637e04d2dfb3a8d86172b84ba7a90f97001fecb008:22)
	at com.android.tools.r8.K.a(R8_8.8.18_9b4b11a8a876a48ac24063637e04d2dfb3a8d86172b84ba7a90f97001fecb008:3)
	at com.android.tools.r8.kotlin.Z.a(R8_8.8.18_9b4b11a8a876a48ac24063637e04d2dfb3a8d86172b84ba7a90f97001fecb008:9)
	at com.android.tools.r8.D8.b(R8_8.8.18_9b4b11a8a876a48ac24063637e04d2dfb3a8d86172b84ba7a90f97001fecb008:17)
	at com.android.tools.r8.internal.Qq0.a(R8_8.8.18_9b4b11a8a876a48ac24063637e04d2dfb3a8d86172b84ba7a90f97001fecb008:57)
	at com.android.tools.r8.D8.a(R8_8.8.18_9b4b11a8a876a48ac24063637e04d2dfb3a8d86172b84ba7a90f97001fecb008:88)
	at com.android.tools.r8.D8.d(R8_8.8.18_9b4b11a8a876a48ac24063637e04d2dfb3a8d86172b84ba7a90f97001fecb008:137)
	at com.android.tools.r8.D8.b(R8_8.8.18_9b4b11a8a876a48ac24063637e04d2dfb3a8d86172b84ba7a90f97001fecb008:1)
	at com.android.tools.r8.internal.Fu.a(R8_8.8.18_9b4b11a8a876a48ac24063637e04d2dfb3a8d86172b84ba7a90f97001fecb008:28)
	at com.android.tools.r8.internal.Fu.b(R8_8.8.18_9b4b11a8a876a48ac24063637e04d2dfb3a8d86172b84ba7a90f97001fecb008:2)
	at com.android.tools.r8.D8.run(R8_8.8.18_9b4b11a8a876a48ac24063637e04d2dfb3a8d86172b84ba7a90f97001fecb008:11)
	at com.android.builder.dexing.D8DexArchiveBuilder.convert(D8DexArchiveBuilder.java:127)
	at com.android.build.gradle.internal.dexing.DexWorkActionKt.process(DexWorkAction.kt:178)
	at com.android.build.gradle.internal.dexing.DexWorkActionKt.processNonIncrementally(DexWorkAction.kt:146)
	at com.android.build.gradle.internal.dexing.DexWorkActionKt.launchProcessing(DexWorkAction.kt:73)
	at com.android.build.gradle.internal.dexing.DexWorkAction.run(DexWorkAction.kt:45)
	at com.android.build.gradle.internal.profile.ProfileAwareWorkAction.execute(ProfileAwareWorkAction.kt:74)
	at org.gradle.workers.internal.DefaultWorkerServer.execute(DefaultWorkerServer.java:63)
	at org.gradle.workers.internal.NoIsolationWorkerFactory$1$1.create(NoIsolationWorkerFactory.java:66)
	at org.gradle.workers.internal.NoIsolationWorkerFactory$1$1.create(NoIsolationWorkerFactory.java:62)
	at org.gradle.internal.classloader.ClassLoaderUtils.executeInClassloader(ClassLoaderUtils.java:100)
	at org.gradle.workers.internal.NoIsolationWorkerFactory$1.lambda$execute$0(NoIsolationWorkerFactory.java:62)
	at org.gradle.workers.internal.AbstractWorker$1.call(AbstractWorker.java:44)
	at org.gradle.workers.internal.AbstractWorker$1.call(AbstractWorker.java:41)
	at org.gradle.internal.operations.DefaultBuildOperationRunner$CallableBuildOperationWorker.execute(DefaultBuildOperationRunner.java:209)
	at org.gradle.internal.operations.DefaultBuildOperationRunner$CallableBuildOperationWorker.execute(DefaultBuildOperationRunner.java:204)
	at org.gradle.internal.operations.DefaultBuildOperationRunner$2.execute(DefaultBuildOperationRunner.java:66)
	at org.gradle.internal.operations.DefaultBuildOperationRunner$2.execute(DefaultBuildOperationRunner.java:59)
	at org.gradle.internal.operations.DefaultBuildOperationRunner.execute(DefaultBuildOperationRunner.java:166)
	at org.gradle.internal.operations.DefaultBuildOperationRunner.execute(DefaultBuildOperationRunner.java:59)
	at org.gradle.internal.operations.DefaultBuildOperationRunner.call(DefaultBuildOperationRunner.java:53)
	at org.gradle.workers.internal.AbstractWorker.executeWrappedInBuildOperation(AbstractWorker.java:41)
	at org.gradle.workers.internal.NoIsolationWorkerFactory$1.execute(NoIsolationWorkerFactory.java:59)
	at org.gradle.workers.internal.DefaultWorkerExecutor.lambda$submitWork$0(DefaultWorkerExecutor.java:174)
	at java.base/java.util.concurrent.FutureTask.run(FutureTask.java:317)
	at org.gradle.internal.work.DefaultConditionalExecutionQueue$ExecutionRunner.runExecution(DefaultConditionalExecutionQueue.java:194)
	at org.gradle.internal.work.DefaultConditionalExecutionQueue$ExecutionRunner.access$700(DefaultConditionalExecutionQueue.java:127)
	at org.gradle.internal.work.DefaultConditionalExecutionQueue$ExecutionRunner$1.run(DefaultConditionalExecutionQueue.java:169)
	at org.gradle.internal.Factories$1.create(Factories.java:31)
	at org.gradle.internal.work.DefaultWorkerLeaseService.withLocks(DefaultWorkerLeaseService.java:263)
	at org.gradle.internal.work.DefaultWorkerLeaseService.runAsWorkerThread(DefaultWorkerLeaseService.java:127)
	at org.gradle.internal.work.DefaultWorkerLeaseService.runAsWorkerThread(DefaultWorkerLeaseService.java:132)
	at org.gradle.internal.work.DefaultConditionalExecutionQueue$ExecutionRunner.runBatch(DefaultConditionalExecutionQueue.java:164)
	at org.gradle.internal.work.DefaultConditionalExecutionQueue$ExecutionRunner.run(DefaultConditionalExecutionQueue.java:133)
	at java.base/java.util.concurrent.Executors$RunnableAdapter.call(Executors.java:572)
	at java.base/java.util.concurrent.FutureTask.run(FutureTask.java:317)
	at org.gradle.internal.concurrent.ExecutorPolicy$CatchAndRecordFailures.onExecute(ExecutorPolicy.java:64)
	at org.gradle.internal.concurrent.AbstractManagedExecutor$1.run(AbstractManagedExecutor.java:48)
	at java.base/java.util.concurrent.ThreadPoolExecutor.runWorker(ThreadPoolExecutor.java:1144)
	at java.base/java.util.concurrent.ThreadPoolExecutor$Worker.run(ThreadPoolExecutor.java:642)
	at java.base/java.lang.Thread.run(Thread.java:1583)

WARNING: D8: An error occurred when parsing kotlin metadata. This normally happens when using a newer version of kotlin than the kotlin version released when this version of R8 was created. To find compatible kotlin versions, please see: https://developer.android.com/studio/build/kotlin-d8-r8-versions
WARNING: D8: Unexpected error during rewriting of Kotlin metadata for class 'com.sevtinge.hyperceiler.module.hook.home.folder.FolderColumns$initForNewHome$3$setFullScreenWidth$1':
com.android.tools.r8.internal.nu0: Should never be called
	at com.android.tools.r8.kotlin.a0.a(R8_8.8.18_9b4b11a8a876a48ac24063637e04d2dfb3a8d86172b84ba7a90f97001fecb008:2)
	at com.android.tools.r8.kotlin.Z.a(R8_8.8.18_9b4b11a8a876a48ac24063637e04d2dfb3a8d86172b84ba7a90f97001fecb008:185)
	at com.android.tools.r8.kotlin.Z.a(R8_8.8.18_9b4b11a8a876a48ac24063637e04d2dfb3a8d86172b84ba7a90f97001fecb008:184)
	at com.android.tools.r8.internal.nq0.a(R8_8.8.18_9b4b11a8a876a48ac24063637e04d2dfb3a8d86172b84ba7a90f97001fecb008:23)
	at com.android.tools.r8.internal.nq0.a(R8_8.8.18_9b4b11a8a876a48ac24063637e04d2dfb3a8d86172b84ba7a90f97001fecb008:34)
	at com.android.tools.r8.internal.nq0.a(R8_8.8.18_9b4b11a8a876a48ac24063637e04d2dfb3a8d86172b84ba7a90f97001fecb008:17)
	at com.google.common.util.concurrent.TrustedListenableFutureTask$TrustedFutureInterruptibleTask.runInterruptibly(TrustedListenableFutureTask.java:131)
	at com.google.common.util.concurrent.InterruptibleTask.run(InterruptibleTask.java:75)
	at com.google.common.util.concurrent.TrustedListenableFutureTask.run(TrustedListenableFutureTask.java:82)
	at com.google.common.util.concurrent.MoreExecutors$DirectExecutorService.execute(MoreExecutors.java:327)
	at java.base/java.util.concurrent.AbstractExecutorService.submit(AbstractExecutorService.java:145)
	at com.google.common.util.concurrent.AbstractListeningExecutorService.submit(AbstractListeningExecutorService.java:79)
	at com.google.common.util.concurrent.AbstractListeningExecutorService.submit(AbstractListeningExecutorService.java:37)
	at com.android.tools.r8.internal.oq0.submit(R8_8.8.18_9b4b11a8a876a48ac24063637e04d2dfb3a8d86172b84ba7a90f97001fecb008:1)
	at com.android.tools.r8.internal.aq0.a(R8_8.8.18_9b4b11a8a876a48ac24063637e04d2dfb3a8d86172b84ba7a90f97001fecb008:1)
	at com.android.tools.r8.internal.nq0.a(R8_8.8.18_9b4b11a8a876a48ac24063637e04d2dfb3a8d86172b84ba7a90f97001fecb008:19)
	at com.android.tools.r8.internal.sx.a(R8_8.8.18_9b4b11a8a876a48ac24063637e04d2dfb3a8d86172b84ba7a90f97001fecb008:3)
	at java.base/java.util.ArrayList.forEach(ArrayList.java:1596)
	at com.android.tools.r8.internal.sx.a(R8_8.8.18_9b4b11a8a876a48ac24063637e04d2dfb3a8d86172b84ba7a90f97001fecb008:2)
	at com.android.tools.r8.internal.nq0.a(R8_8.8.18_9b4b11a8a876a48ac24063637e04d2dfb3a8d86172b84ba7a90f97001fecb008:10)
	at com.android.tools.r8.internal.nq0.a(R8_8.8.18_9b4b11a8a876a48ac24063637e04d2dfb3a8d86172b84ba7a90f97001fecb008:33)
	at com.android.tools.r8.internal.nq0.a(R8_8.8.18_9b4b11a8a876a48ac24063637e04d2dfb3a8d86172b84ba7a90f97001fecb008:25)
	at com.android.tools.r8.internal.nq0.a(R8_8.8.18_9b4b11a8a876a48ac24063637e04d2dfb3a8d86172b84ba7a90f97001fecb008:22)
	at com.android.tools.r8.K.a(R8_8.8.18_9b4b11a8a876a48ac24063637e04d2dfb3a8d86172b84ba7a90f97001fecb008:3)
	at com.android.tools.r8.kotlin.Z.a(R8_8.8.18_9b4b11a8a876a48ac24063637e04d2dfb3a8d86172b84ba7a90f97001fecb008:9)
	at com.android.tools.r8.D8.b(R8_8.8.18_9b4b11a8a876a48ac24063637e04d2dfb3a8d86172b84ba7a90f97001fecb008:17)
	at com.android.tools.r8.internal.Qq0.a(R8_8.8.18_9b4b11a8a876a48ac24063637e04d2dfb3a8d86172b84ba7a90f97001fecb008:57)
	at com.android.tools.r8.D8.a(R8_8.8.18_9b4b11a8a876a48ac24063637e04d2dfb3a8d86172b84ba7a90f97001fecb008:88)
	at com.android.tools.r8.D8.d(R8_8.8.18_9b4b11a8a876a48ac24063637e04d2dfb3a8d86172b84ba7a90f97001fecb008:137)
	at com.android.tools.r8.D8.b(R8_8.8.18_9b4b11a8a876a48ac24063637e04d2dfb3a8d86172b84ba7a90f97001fecb008:1)
	at com.android.tools.r8.internal.Fu.a(R8_8.8.18_9b4b11a8a876a48ac24063637e04d2dfb3a8d86172b84ba7a90f97001fecb008:28)
	at com.android.tools.r8.internal.Fu.b(R8_8.8.18_9b4b11a8a876a48ac24063637e04d2dfb3a8d86172b84ba7a90f97001fecb008:2)
	at com.android.tools.r8.D8.run(R8_8.8.18_9b4b11a8a876a48ac24063637e04d2dfb3a8d86172b84ba7a90f97001fecb008:11)
	at com.android.builder.dexing.D8DexArchiveBuilder.convert(D8DexArchiveBuilder.java:127)
	at com.android.build.gradle.internal.dexing.DexWorkActionKt.process(DexWorkAction.kt:178)
	at com.android.build.gradle.internal.dexing.DexWorkActionKt.processNonIncrementally(DexWorkAction.kt:146)
	at com.android.build.gradle.internal.dexing.DexWorkActionKt.launchProcessing(DexWorkAction.kt:73)
	at com.android.build.gradle.internal.dexing.DexWorkAction.run(DexWorkAction.kt:45)
	at com.android.build.gradle.internal.profile.ProfileAwareWorkAction.execute(ProfileAwareWorkAction.kt:74)
	at org.gradle.workers.internal.DefaultWorkerServer.execute(DefaultWorkerServer.java:63)
	at org.gradle.workers.internal.NoIsolationWorkerFactory$1$1.create(NoIsolationWorkerFactory.java:66)
	at org.gradle.workers.internal.NoIsolationWorkerFactory$1$1.create(NoIsolationWorkerFactory.java:62)
	at org.gradle.internal.classloader.ClassLoaderUtils.executeInClassloader(ClassLoaderUtils.java:100)
	at org.gradle.workers.internal.NoIsolationWorkerFactory$1.lambda$execute$0(NoIsolationWorkerFactory.java:62)
	at org.gradle.workers.internal.AbstractWorker$1.call(AbstractWorker.java:44)
	at org.gradle.workers.internal.AbstractWorker$1.call(AbstractWorker.java:41)
	at org.gradle.internal.operations.DefaultBuildOperationRunner$CallableBuildOperationWorker.execute(DefaultBuildOperationRunner.java:209)
	at org.gradle.internal.operations.DefaultBuildOperationRunner$CallableBuildOperationWorker.execute(DefaultBuildOperationRunner.java:204)
	at org.gradle.internal.operations.DefaultBuildOperationRunner$2.execute(DefaultBuildOperationRunner.java:66)
	at org.gradle.internal.operations.DefaultBuildOperationRunner$2.execute(DefaultBuildOperationRunner.java:59)
	at org.gradle.internal.operations.DefaultBuildOperationRunner.execute(DefaultBuildOperationRunner.java:166)
	at org.gradle.internal.operations.DefaultBuildOperationRunner.execute(DefaultBuildOperationRunner.java:59)
	at org.gradle.internal.operations.DefaultBuildOperationRunner.call(DefaultBuildOperationRunner.java:53)
	at org.gradle.workers.internal.AbstractWorker.executeWrappedInBuildOperation(AbstractWorker.java:41)
	at org.gradle.workers.internal.NoIsolationWorkerFactory$1.execute(NoIsolationWorkerFactory.java:59)
	at org.gradle.workers.internal.DefaultWorkerExecutor.lambda$submitWork$0(DefaultWorkerExecutor.java:174)
	at java.base/java.util.concurrent.FutureTask.run(FutureTask.java:317)
	at org.gradle.internal.work.DefaultConditionalExecutionQueue$ExecutionRunner.runExecution(DefaultConditionalExecutionQueue.java:194)
	at org.gradle.internal.work.DefaultConditionalExecutionQueue$ExecutionRunner.access$700(DefaultConditionalExecutionQueue.java:127)
	at org.gradle.internal.work.DefaultConditionalExecutionQueue$ExecutionRunner$1.run(DefaultConditionalExecutionQueue.java:169)
	at org.gradle.internal.Factories$1.create(Factories.java:31)
	at org.gradle.internal.work.DefaultWorkerLeaseService.withLocks(DefaultWorkerLeaseService.java:263)
	at org.gradle.internal.work.DefaultWorkerLeaseService.runAsWorkerThread(DefaultWorkerLeaseService.java:127)
	at org.gradle.internal.work.DefaultWorkerLeaseService.runAsWorkerThread(DefaultWorkerLeaseService.java:132)
	at org.gradle.internal.work.DefaultConditionalExecutionQueue$ExecutionRunner.runBatch(DefaultConditionalExecutionQueue.java:164)
	at org.gradle.internal.work.DefaultConditionalExecutionQueue$ExecutionRunner.run(DefaultConditionalExecutionQueue.java:133)
	at java.base/java.util.concurrent.Executors$RunnableAdapter.call(Executors.java:572)
	at java.base/java.util.concurrent.FutureTask.run(FutureTask.java:317)
	at org.gradle.internal.concurrent.ExecutorPolicy$CatchAndRecordFailures.onExecute(ExecutorPolicy.java:64)
	at org.gradle.internal.concurrent.AbstractManagedExecutor$1.run(AbstractManagedExecutor.java:48)
	at java.base/java.util.concurrent.ThreadPoolExecutor.runWorker(ThreadPoolExecutor.java:1144)
	at java.base/java.util.concurrent.ThreadPoolExecutor$Worker.run(ThreadPoolExecutor.java:642)
	at java.base/java.lang.Thread.run(Thread.java:1583)

WARNING: D8: An error occurred when parsing kotlin metadata. This normally happens when using a newer version of kotlin than the kotlin version released when this version of R8 was created. To find compatible kotlin versions, please see: https://developer.android.com/studio/build/kotlin-d8-r8-versions
WARNING: D8: Unexpected error during rewriting of Kotlin metadata for class 'com.sevtinge.hyperceiler.module.hook.home.title.BigIconCorner':
com.android.tools.r8.internal.nu0: Should never be called
	at com.android.tools.r8.kotlin.a0.a(R8_8.8.18_9b4b11a8a876a48ac24063637e04d2dfb3a8d86172b84ba7a90f97001fecb008:2)
	at com.android.tools.r8.kotlin.Z.a(R8_8.8.18_9b4b11a8a876a48ac24063637e04d2dfb3a8d86172b84ba7a90f97001fecb008:185)
	at com.android.tools.r8.kotlin.Z.a(R8_8.8.18_9b4b11a8a876a48ac24063637e04d2dfb3a8d86172b84ba7a90f97001fecb008:184)
	at com.android.tools.r8.internal.nq0.a(R8_8.8.18_9b4b11a8a876a48ac24063637e04d2dfb3a8d86172b84ba7a90f97001fecb008:23)
	at com.android.tools.r8.internal.nq0.a(R8_8.8.18_9b4b11a8a876a48ac24063637e04d2dfb3a8d86172b84ba7a90f97001fecb008:34)
	at com.android.tools.r8.internal.nq0.a(R8_8.8.18_9b4b11a8a876a48ac24063637e04d2dfb3a8d86172b84ba7a90f97001fecb008:17)
	at com.google.common.util.concurrent.TrustedListenableFutureTask$TrustedFutureInterruptibleTask.runInterruptibly(TrustedListenableFutureTask.java:131)
	at com.google.common.util.concurrent.InterruptibleTask.run(InterruptibleTask.java:75)
	at com.google.common.util.concurrent.TrustedListenableFutureTask.run(TrustedListenableFutureTask.java:82)
	at com.google.common.util.concurrent.MoreExecutors$DirectExecutorService.execute(MoreExecutors.java:327)
	at java.base/java.util.concurrent.AbstractExecutorService.submit(AbstractExecutorService.java:145)
	at com.google.common.util.concurrent.AbstractListeningExecutorService.submit(AbstractListeningExecutorService.java:79)
	at com.google.common.util.concurrent.AbstractListeningExecutorService.submit(AbstractListeningExecutorService.java:37)
	at com.android.tools.r8.internal.oq0.submit(R8_8.8.18_9b4b11a8a876a48ac24063637e04d2dfb3a8d86172b84ba7a90f97001fecb008:1)
	at com.android.tools.r8.internal.aq0.a(R8_8.8.18_9b4b11a8a876a48ac24063637e04d2dfb3a8d86172b84ba7a90f97001fecb008:1)
	at com.android.tools.r8.internal.nq0.a(R8_8.8.18_9b4b11a8a876a48ac24063637e04d2dfb3a8d86172b84ba7a90f97001fecb008:19)
	at com.android.tools.r8.internal.sx.a(R8_8.8.18_9b4b11a8a876a48ac24063637e04d2dfb3a8d86172b84ba7a90f97001fecb008:3)
	at java.base/java.util.ArrayList.forEach(ArrayList.java:1596)
	at com.android.tools.r8.internal.sx.a(R8_8.8.18_9b4b11a8a876a48ac24063637e04d2dfb3a8d86172b84ba7a90f97001fecb008:2)
	at com.android.tools.r8.internal.nq0.a(R8_8.8.18_9b4b11a8a876a48ac24063637e04d2dfb3a8d86172b84ba7a90f97001fecb008:10)
	at com.android.tools.r8.internal.nq0.a(R8_8.8.18_9b4b11a8a876a48ac24063637e04d2dfb3a8d86172b84ba7a90f97001fecb008:33)
	at com.android.tools.r8.internal.nq0.a(R8_8.8.18_9b4b11a8a876a48ac24063637e04d2dfb3a8d86172b84ba7a90f97001fecb008:25)
	at com.android.tools.r8.internal.nq0.a(R8_8.8.18_9b4b11a8a876a48ac24063637e04d2dfb3a8d86172b84ba7a90f97001fecb008:22)
	at com.android.tools.r8.K.a(R8_8.8.18_9b4b11a8a876a48ac24063637e04d2dfb3a8d86172b84ba7a90f97001fecb008:3)
	at com.android.tools.r8.kotlin.Z.a(R8_8.8.18_9b4b11a8a876a48ac24063637e04d2dfb3a8d86172b84ba7a90f97001fecb008:9)
	at com.android.tools.r8.D8.b(R8_8.8.18_9b4b11a8a876a48ac24063637e04d2dfb3a8d86172b84ba7a90f97001fecb008:17)
	at com.android.tools.r8.internal.Qq0.a(R8_8.8.18_9b4b11a8a876a48ac24063637e04d2dfb3a8d86172b84ba7a90f97001fecb008:57)
	at com.android.tools.r8.D8.a(R8_8.8.18_9b4b11a8a876a48ac24063637e04d2dfb3a8d86172b84ba7a90f97001fecb008:88)
	at com.android.tools.r8.D8.d(R8_8.8.18_9b4b11a8a876a48ac24063637e04d2dfb3a8d86172b84ba7a90f97001fecb008:137)
	at com.android.tools.r8.D8.b(R8_8.8.18_9b4b11a8a876a48ac24063637e04d2dfb3a8d86172b84ba7a90f97001fecb008:1)
	at com.android.tools.r8.internal.Fu.a(R8_8.8.18_9b4b11a8a876a48ac24063637e04d2dfb3a8d86172b84ba7a90f97001fecb008:28)
	at com.android.tools.r8.internal.Fu.b(R8_8.8.18_9b4b11a8a876a48ac24063637e04d2dfb3a8d86172b84ba7a90f97001fecb008:2)
	at com.android.tools.r8.D8.run(R8_8.8.18_9b4b11a8a876a48ac24063637e04d2dfb3a8d86172b84ba7a90f97001fecb008:11)
	at com.android.builder.dexing.D8DexArchiveBuilder.convert(D8DexArchiveBuilder.java:127)
	at com.android.build.gradle.internal.dexing.DexWorkActionKt.process(DexWorkAction.kt:178)
	at com.android.build.gradle.internal.dexing.DexWorkActionKt.processNonIncrementally(DexWorkAction.kt:146)
	at com.android.build.gradle.internal.dexing.DexWorkActionKt.launchProcessing(DexWorkAction.kt:73)
	at com.android.build.gradle.internal.dexing.DexWorkAction.run(DexWorkAction.kt:45)
	at com.android.build.gradle.internal.profile.ProfileAwareWorkAction.execute(ProfileAwareWorkAction.kt:74)
	at org.gradle.workers.internal.DefaultWorkerServer.execute(DefaultWorkerServer.java:63)
	at org.gradle.workers.internal.NoIsolationWorkerFactory$1$1.create(NoIsolationWorkerFactory.java:66)
	at org.gradle.workers.internal.NoIsolationWorkerFactory$1$1.create(NoIsolationWorkerFactory.java:62)
	at org.gradle.internal.classloader.ClassLoaderUtils.executeInClassloader(ClassLoaderUtils.java:100)
	at org.gradle.workers.internal.NoIsolationWorkerFactory$1.lambda$execute$0(NoIsolationWorkerFactory.java:62)
	at org.gradle.workers.internal.AbstractWorker$1.call(AbstractWorker.java:44)
	at org.gradle.workers.internal.AbstractWorker$1.call(AbstractWorker.java:41)
	at org.gradle.internal.operations.DefaultBuildOperationRunner$CallableBuildOperationWorker.execute(DefaultBuildOperationRunner.java:209)
	at org.gradle.internal.operations.DefaultBuildOperationRunner$CallableBuildOperationWorker.execute(DefaultBuildOperationRunner.java:204)
	at org.gradle.internal.operations.DefaultBuildOperationRunner$2.execute(DefaultBuildOperationRunner.java:66)
	at org.gradle.internal.operations.DefaultBuildOperationRunner$2.execute(DefaultBuildOperationRunner.java:59)
	at org.gradle.internal.operations.DefaultBuildOperationRunner.execute(DefaultBuildOperationRunner.java:166)
	at org.gradle.internal.operations.DefaultBuildOperationRunner.execute(DefaultBuildOperationRunner.java:59)
	at org.gradle.internal.operations.DefaultBuildOperationRunner.call(DefaultBuildOperationRunner.java:53)
	at org.gradle.workers.internal.AbstractWorker.executeWrappedInBuildOperation(AbstractWorker.java:41)
	at org.gradle.workers.internal.NoIsolationWorkerFactory$1.execute(NoIsolationWorkerFactory.java:59)
	at org.gradle.workers.internal.DefaultWorkerExecutor.lambda$submitWork$0(DefaultWorkerExecutor.java:174)
	at java.base/java.util.concurrent.FutureTask.run(FutureTask.java:317)
	at org.gradle.internal.work.DefaultConditionalExecutionQueue$ExecutionRunner.runExecution(DefaultConditionalExecutionQueue.java:194)
	at org.gradle.internal.work.DefaultConditionalExecutionQueue$ExecutionRunner.access$700(DefaultConditionalExecutionQueue.java:127)
	at org.gradle.internal.work.DefaultConditionalExecutionQueue$ExecutionRunner$1.run(DefaultConditionalExecutionQueue.java:169)
	at org.gradle.internal.Factories$1.create(Factories.java:31)
	at org.gradle.internal.work.DefaultWorkerLeaseService.withLocks(DefaultWorkerLeaseService.java:263)
	at org.gradle.internal.work.DefaultWorkerLeaseService.runAsWorkerThread(DefaultWorkerLeaseService.java:127)
	at org.gradle.internal.work.DefaultWorkerLeaseService.runAsWorkerThread(DefaultWorkerLeaseService.java:132)
	at org.gradle.internal.work.DefaultConditionalExecutionQueue$ExecutionRunner.runBatch(DefaultConditionalExecutionQueue.java:164)
	at org.gradle.internal.work.DefaultConditionalExecutionQueue$ExecutionRunner.run(DefaultConditionalExecutionQueue.java:133)
	at java.base/java.util.concurrent.Executors$RunnableAdapter.call(Executors.java:572)
	at java.base/java.util.concurrent.FutureTask.run(FutureTask.java:317)
	at org.gradle.internal.concurrent.ExecutorPolicy$CatchAndRecordFailures.onExecute(ExecutorPolicy.java:64)
	at org.gradle.internal.concurrent.AbstractManagedExecutor$1.run(AbstractManagedExecutor.java:48)
	at java.base/java.util.concurrent.ThreadPoolExecutor.runWorker(ThreadPoolExecutor.java:1144)
	at java.base/java.util.concurrent.ThreadPoolExecutor$Worker.run(ThreadPoolExecutor.java:642)
	at java.base/java.lang.Thread.run(Thread.java:1583)

WARNING: D8: An error occurred when parsing kotlin metadata. This normally happens when using a newer version of kotlin than the kotlin version released when this version of R8 was created. To find compatible kotlin versions, please see: https://developer.android.com/studio/build/kotlin-d8-r8-versions
WARNING: D8: Unexpected error during rewriting of Kotlin metadata for class 'com.sevtinge.hyperceiler.utils.api.miuiStringToast.MiuiStringToast$Category':
com.android.tools.r8.internal.nu0: Should never be called
	at com.android.tools.r8.kotlin.a0.a(R8_8.8.18_9b4b11a8a876a48ac24063637e04d2dfb3a8d86172b84ba7a90f97001fecb008:2)
	at com.android.tools.r8.kotlin.Z.a(R8_8.8.18_9b4b11a8a876a48ac24063637e04d2dfb3a8d86172b84ba7a90f97001fecb008:185)
	at com.android.tools.r8.kotlin.Z.a(R8_8.8.18_9b4b11a8a876a48ac24063637e04d2dfb3a8d86172b84ba7a90f97001fecb008:184)
	at com.android.tools.r8.internal.nq0.a(R8_8.8.18_9b4b11a8a876a48ac24063637e04d2dfb3a8d86172b84ba7a90f97001fecb008:23)
	at com.android.tools.r8.internal.nq0.a(R8_8.8.18_9b4b11a8a876a48ac24063637e04d2dfb3a8d86172b84ba7a90f97001fecb008:34)
	at com.android.tools.r8.internal.nq0.a(R8_8.8.18_9b4b11a8a876a48ac24063637e04d2dfb3a8d86172b84ba7a90f97001fecb008:17)
	at com.google.common.util.concurrent.TrustedListenableFutureTask$TrustedFutureInterruptibleTask.runInterruptibly(TrustedListenableFutureTask.java:131)
	at com.google.common.util.concurrent.InterruptibleTask.run(InterruptibleTask.java:75)
	at com.google.common.util.concurrent.TrustedListenableFutureTask.run(TrustedListenableFutureTask.java:82)
	at com.google.common.util.concurrent.MoreExecutors$DirectExecutorService.execute(MoreExecutors.java:327)
	at java.base/java.util.concurrent.AbstractExecutorService.submit(AbstractExecutorService.java:145)
	at com.google.common.util.concurrent.AbstractListeningExecutorService.submit(AbstractListeningExecutorService.java:79)
	at com.google.common.util.concurrent.AbstractListeningExecutorService.submit(AbstractListeningExecutorService.java:37)
	at com.android.tools.r8.internal.oq0.submit(R8_8.8.18_9b4b11a8a876a48ac24063637e04d2dfb3a8d86172b84ba7a90f97001fecb008:1)
	at com.android.tools.r8.internal.aq0.a(R8_8.8.18_9b4b11a8a876a48ac24063637e04d2dfb3a8d86172b84ba7a90f97001fecb008:1)
	at com.android.tools.r8.internal.nq0.a(R8_8.8.18_9b4b11a8a876a48ac24063637e04d2dfb3a8d86172b84ba7a90f97001fecb008:19)
	at com.android.tools.r8.internal.sx.a(R8_8.8.18_9b4b11a8a876a48ac24063637e04d2dfb3a8d86172b84ba7a90f97001fecb008:3)
	at java.base/java.util.ArrayList.forEach(ArrayList.java:1596)
	at com.android.tools.r8.internal.sx.a(R8_8.8.18_9b4b11a8a876a48ac24063637e04d2dfb3a8d86172b84ba7a90f97001fecb008:2)
	at com.android.tools.r8.internal.nq0.a(R8_8.8.18_9b4b11a8a876a48ac24063637e04d2dfb3a8d86172b84ba7a90f97001fecb008:10)
	at com.android.tools.r8.internal.nq0.a(R8_8.8.18_9b4b11a8a876a48ac24063637e04d2dfb3a8d86172b84ba7a90f97001fecb008:33)
	at com.android.tools.r8.internal.nq0.a(R8_8.8.18_9b4b11a8a876a48ac24063637e04d2dfb3a8d86172b84ba7a90f97001fecb008:25)
	at com.android.tools.r8.internal.nq0.a(R8_8.8.18_9b4b11a8a876a48ac24063637e04d2dfb3a8d86172b84ba7a90f97001fecb008:22)
	at com.android.tools.r8.K.a(R8_8.8.18_9b4b11a8a876a48ac24063637e04d2dfb3a8d86172b84ba7a90f97001fecb008:3)
	at com.android.tools.r8.kotlin.Z.a(R8_8.8.18_9b4b11a8a876a48ac24063637e04d2dfb3a8d86172b84ba7a90f97001fecb008:9)
	at com.android.tools.r8.D8.b(R8_8.8.18_9b4b11a8a876a48ac24063637e04d2dfb3a8d86172b84ba7a90f97001fecb008:17)
	at com.android.tools.r8.internal.Qq0.a(R8_8.8.18_9b4b11a8a876a48ac24063637e04d2dfb3a8d86172b84ba7a90f97001fecb008:57)
	at com.android.tools.r8.D8.a(R8_8.8.18_9b4b11a8a876a48ac24063637e04d2dfb3a8d86172b84ba7a90f97001fecb008:88)
	at com.android.tools.r8.D8.d(R8_8.8.18_9b4b11a8a876a48ac24063637e04d2dfb3a8d86172b84ba7a90f97001fecb008:137)
	at com.android.tools.r8.D8.b(R8_8.8.18_9b4b11a8a876a48ac24063637e04d2dfb3a8d86172b84ba7a90f97001fecb008:1)
	at com.android.tools.r8.internal.Fu.a(R8_8.8.18_9b4b11a8a876a48ac24063637e04d2dfb3a8d86172b84ba7a90f97001fecb008:28)
	at com.android.tools.r8.internal.Fu.b(R8_8.8.18_9b4b11a8a876a48ac24063637e04d2dfb3a8d86172b84ba7a90f97001fecb008:2)
	at com.android.tools.r8.D8.run(R8_8.8.18_9b4b11a8a876a48ac24063637e04d2dfb3a8d86172b84ba7a90f97001fecb008:11)
	at com.android.builder.dexing.D8DexArchiveBuilder.convert(D8DexArchiveBuilder.java:127)
	at com.android.build.gradle.internal.dexing.DexWorkActionKt.process(DexWorkAction.kt:178)
	at com.android.build.gradle.internal.dexing.DexWorkActionKt.processNonIncrementally(DexWorkAction.kt:146)
	at com.android.build.gradle.internal.dexing.DexWorkActionKt.launchProcessing(DexWorkAction.kt:73)
	at com.android.build.gradle.internal.dexing.DexWorkAction.run(DexWorkAction.kt:45)
	at com.android.build.gradle.internal.profile.ProfileAwareWorkAction.execute(ProfileAwareWorkAction.kt:74)
	at org.gradle.workers.internal.DefaultWorkerServer.execute(DefaultWorkerServer.java:63)
	at org.gradle.workers.internal.NoIsolationWorkerFactory$1$1.create(NoIsolationWorkerFactory.java:66)
	at org.gradle.workers.internal.NoIsolationWorkerFactory$1$1.create(NoIsolationWorkerFactory.java:62)
	at org.gradle.internal.classloader.ClassLoaderUtils.executeInClassloader(ClassLoaderUtils.java:100)
	at org.gradle.workers.internal.NoIsolationWorkerFactory$1.lambda$execute$0(NoIsolationWorkerFactory.java:62)
	at org.gradle.workers.internal.AbstractWorker$1.call(AbstractWorker.java:44)
	at org.gradle.workers.internal.AbstractWorker$1.call(AbstractWorker.java:41)
	at org.gradle.internal.operations.DefaultBuildOperationRunner$CallableBuildOperationWorker.execute(DefaultBuildOperationRunner.java:209)
	at org.gradle.internal.operations.DefaultBuildOperationRunner$CallableBuildOperationWorker.execute(DefaultBuildOperationRunner.java:204)
	at org.gradle.internal.operations.DefaultBuildOperationRunner$2.execute(DefaultBuildOperationRunner.java:66)
	at org.gradle.internal.operations.DefaultBuildOperationRunner$2.execute(DefaultBuildOperationRunner.java:59)
	at org.gradle.internal.operations.DefaultBuildOperationRunner.execute(DefaultBuildOperationRunner.java:166)
	at org.gradle.internal.operations.DefaultBuildOperationRunner.execute(DefaultBuildOperationRunner.java:59)
	at org.gradle.internal.operations.DefaultBuildOperationRunner.call(DefaultBuildOperationRunner.java:53)
	at org.gradle.workers.internal.AbstractWorker.executeWrappedInBuildOperation(AbstractWorker.java:41)
	at org.gradle.workers.internal.NoIsolationWorkerFactory$1.execute(NoIsolationWorkerFactory.java:59)
	at org.gradle.workers.internal.DefaultWorkerExecutor.lambda$submitWork$0(DefaultWorkerExecutor.java:174)
	at java.base/java.util.concurrent.FutureTask.run(FutureTask.java:317)
	at org.gradle.internal.work.DefaultConditionalExecutionQueue$ExecutionRunner.runExecution(DefaultConditionalExecutionQueue.java:194)
	at org.gradle.internal.work.DefaultConditionalExecutionQueue$ExecutionRunner.access$700(DefaultConditionalExecutionQueue.java:127)
	at org.gradle.internal.work.DefaultConditionalExecutionQueue$ExecutionRunner$1.run(DefaultConditionalExecutionQueue.java:169)
	at org.gradle.internal.Factories$1.create(Factories.java:31)
	at org.gradle.internal.work.DefaultWorkerLeaseService.withLocks(DefaultWorkerLeaseService.java:263)
	at org.gradle.internal.work.DefaultWorkerLeaseService.runAsWorkerThread(DefaultWorkerLeaseService.java:127)
	at org.gradle.internal.work.DefaultWorkerLeaseService.runAsWorkerThread(DefaultWorkerLeaseService.java:132)
	at org.gradle.internal.work.DefaultConditionalExecutionQueue$ExecutionRunner.runBatch(DefaultConditionalExecutionQueue.java:164)
	at org.gradle.internal.work.DefaultConditionalExecutionQueue$ExecutionRunner.run(DefaultConditionalExecutionQueue.java:133)
	at java.base/java.util.concurrent.Executors$RunnableAdapter.call(Executors.java:572)
	at java.base/java.util.concurrent.FutureTask.run(FutureTask.java:317)
	at org.gradle.internal.concurrent.ExecutorPolicy$CatchAndRecordFailures.onExecute(ExecutorPolicy.java:64)
	at org.gradle.internal.concurrent.AbstractManagedExecutor$1.run(AbstractManagedExecutor.java:48)
	at java.base/java.util.concurrent.ThreadPoolExecutor.runWorker(ThreadPoolExecutor.java:1144)
	at java.base/java.util.concurrent.ThreadPoolExecutor$Worker.run(ThreadPoolExecutor.java:642)
	at java.base/java.lang.Thread.run(Thread.java:1583)


> Task :app:mergeDebugGlobalSynthetics
> Task :app:processDebugJavaRes
> Task :app:mergeDebugJavaResource
> Task :app:mergeProjectDexDebug
> Task :app:packageDebug
> Task :app:createDebugApkListingFileRedirect
> Task :app:assembleDebug
gradle/actions: Writing build results to /home/runner/work/_temp/.gradle-actions/build-results/gradle-1789468370847.json
[Incubating] Problems report is available at: file:///home/runner/work/HyperCeiler/HyperCeiler/build/reports/problems/problems-report.html

BUILD SUCCESSFUL in 4m 56s
64 actionable tasks: 63 executed, 1 from cache
APK: app/build/outputs/apk/debug/HyperCeiler_2.5.156_8a2422577_r3924_3924_debug.apk
=== META-INF entries ===
        0  1981-01-01 01:01   META-INF/com/android/build/gradle/app-metadata.properties
    10175  1981-01-01 01:01   META-INF/androidx/annotation/annotation/LICENSE.txt
    10175  1981-01-01 01:01   META-INF/androidx/constraintlayout/constraintlayout-core/LICENSE.txt
       67  1981-01-01 01:01   META-INF/gradle/incremental.annotation.processors
       92  1981-01-01 01:01   META-INF/services/javax.annotation.processing.Processor
       54  1981-01-01 01:01   META-INF/services/kotlinx.coroutines.CoroutineExceptionHandler
       52  1981-01-01 01:01   META-INF/services/kotlinx.coroutines.internal.MainDispatcherFactory
       41  1981-01-01 01:01   META-INF/xposed/java_init.list
       77  1981-01-01 01:01   META-INF/xposed/module.prop
     1522  1981-01-01 01:01   META-INF/xposed/scope.list
=== module.prop ===
minApiVersion=101
targetApiVersion=102
autoHotReload=false
staticScope=false
=== java_init.list ===
com.sevtinge.hyperceiler.XposedInitEntry
=== scope.list head ===
system
com.android.browser
com.android.calendar
com.android.camera
com.android.contacts
=== entry class in dex ===
0
0
